,sentiment,prediction
25608,1,1
44097,1,1
33423,0,0
147,1,1
20340,0,0
32811,0,0
46575,0,0
5865,1,1
22573,0,0
32185,1,1
40945,1,1
41392,1,1
48709,1,1
16341,0,0
8481,1,1
48163,0,0
8578,1,1
27129,0,0
35885,1,0
24138,1,1
35325,1,1
31002,1,0
3862,0,0
12622,1,1
7205,1,1
16890,1,1
29244,0,0
14299,1,1
41982,1,1
44496,0,1
44856,0,0
23994,1,1
20398,0,0
48161,0,0
16177,0,0
2432,0,1
1570,1,1
41342,0,0
24043,1,1
34713,0,0
20926,1,1
17702,0,0
28318,0,0
22892,1,1
48239,0,1
23978,0,0
8404,0,0
34861,0,0
28545,0,0
12088,0,0
44320,0,0
28705,0,0
7308,1,1
48184,0,0
43187,0,1
879,0,0
2116,1,1
27092,0,0
44567,0,0
31871,0,0
18844,0,0
6926,1,1
26061,1,1
25331,1,0
14836,0,0
26546,0,0
48015,1,1
14049,1,1
12514,0,0
48807,1,0
46131,0,0
43254,0,1
21597,1,1
26358,0,0
1122,1,1
15731,1,1
42484,1,0
29591,1,1
2741,1,1
46269,1,1
32572,0,0
24652,1,1
35731,1,1
1590,1,1
199,0,0
18817,1,1
28612,0,0
44655,0,0
17541,0,0
46728,1,0
34220,1,1
25797,1,1
43705,1,1
16759,1,1
32432,0,0
18303,0,0
40712,0,0
15922,1,1
43095,1,1
672,0,0
46457,1,0
38538,1,1
14158,0,1
31652,1,1
18278,1,1
40871,1,1
34218,1,1
20919,1,1
29387,0,0
45944,0,0
20438,1,1
16930,0,0
23298,1,1
47172,0,0
2360,1,1
14874,0,0
27927,1,0
7762,1,1
5553,0,0
17972,1,1
28745,0,0
13970,1,1
29901,0,0
9987,0,0
9026,1,1
28648,0,0
24488,1,1
42371,1,1
30367,1,1
35810,1,1
6354,1,1
24857,1,1
30187,1,1
5343,0,0
15526,1,1
26247,0,0
46053,0,0
39007,0,0
44266,1,1
5567,0,1
19326,0,0
32710,1,1
45050,0,0
48691,0,0
262,0,0
12909,0,1
32237,1,1
26281,0,0
46440,0,0
19788,0,0
26668,1,1
7212,0,0
44563,1,1
25609,0,0
44483,1,1
19397,0,0
13658,0,0
26075,0,0
1741,0,0
43595,1,1
37811,0,0
37256,1,1
3016,1,1
49003,1,1
29890,1,1
35080,0,0
25492,0,0
16823,1,1
38041,1,1
12728,0,0
5216,1,1
4016,1,0
23462,1,1
49303,1,1
38873,0,0
7920,0,0
29580,1,1
9405,0,0
14865,0,0
24901,1,1
22965,0,0
35742,1,1
17351,1,1
22323,1,1
3377,1,1
9803,0,0
7525,0,0
2791,0,0
48953,1,1
24120,0,0
34125,0,0
42483,1,1
26830,1,1
49238,1,1
28590,1,1
6748,0,0
49115,1,1
33773,1,1
33028,1,1
30395,1,0
5739,1,1
38368,0,0
15397,1,1
42536,1,1
34729,0,0
4504,0,0
14018,0,0
34778,0,0
42934,1,1
38443,0,0
24192,0,0
12591,0,0
39379,1,1
9555,0,0
14572,1,1
21405,0,0
13238,0,0
39714,1,1
1039,1,1
16062,0,0
24973,1,1
7677,1,1
31530,0,0
39330,1,1
37889,0,0
30903,0,0
24429,1,1
37272,0,0
38504,0,0
37189,1,0
28243,1,1
33527,0,0
5370,1,1
13047,0,1
292,1,1
36032,1,1
43650,1,1
29574,0,0
21365,1,1
27434,0,0
42496,1,1
11527,0,1
13911,0,0
44938,1,1
11494,0,0
39175,1,1
34558,1,1
48307,1,1
30718,0,0
30052,1,1
20345,0,0
46729,0,0
22762,0,0
3263,0,0
7841,1,1
46160,1,1
23966,1,1
11010,1,1
45533,0,0
10981,0,0
41524,1,1
36231,0,0
48674,0,0
3715,1,1
26046,0,0
6017,0,0
19732,1,1
24595,0,0
5822,1,1
5754,0,0
32613,1,1
20915,1,1
44396,1,0
20771,0,0
8297,0,0
1584,0,0
16912,1,1
3210,0,0
39991,1,1
27448,0,0
25266,1,1
1941,0,0
42992,0,0
9165,0,1
1030,0,1
30587,0,0
35895,0,0
35852,1,1
16758,1,1
46438,1,1
4855,1,1
43351,1,1
17121,1,1
43898,1,1
30968,1,1
27667,1,1
45267,0,0
38040,1,0
4865,1,1
6756,1,1
20155,1,1
9427,0,0
13926,1,0
27633,0,0
2182,1,1
40184,1,1
47445,0,0
7142,1,1
6268,1,1
33624,0,1
43202,1,1
13236,1,0
7687,1,1
19277,1,1
5245,1,1
23757,0,0
12353,0,0
4573,0,0
20479,1,1
47174,0,0
8546,0,0
3053,0,0
23692,0,0
29031,1,1
25516,0,0
5528,0,0
2672,1,1
26045,0,0
40074,1,1
23442,1,1
41298,1,0
14871,1,1
36602,1,1
10814,1,1
18442,0,0
42210,1,1
30872,0,0
14278,0,0
38993,0,1
37070,0,1
14320,0,0
32819,1,1
7337,0,0
25002,1,1
40478,0,0
13033,1,1
19792,1,1
38533,0,0
8780,0,0
4448,0,0
26510,0,0
36130,1,1
35779,1,1
14273,0,0
40339,1,1
28679,1,1
46325,1,1
39326,0,1
16031,1,1
20436,0,0
44576,0,0
3156,0,0
16432,1,1
3222,0,0
38428,1,1
23521,0,0
21585,1,1
23278,0,0
42753,1,1
28614,0,0
29998,0,0
11489,0,0
27130,0,0
46414,0,0
12793,0,0
34679,0,0
3180,1,1
27807,0,1
24803,0,0
3714,1,1
16880,0,0
37185,0,0
38778,1,1
38466,0,1
5876,0,0
6431,0,0
11625,0,0
4759,0,0
39645,0,0
18129,1,1
40749,0,0
19151,1,1
39840,1,0
10665,0,0
29537,0,1
37631,1,1
34434,1,1
25030,0,0
38118,1,1
27442,1,1
14565,0,0
23477,1,1
8191,0,0
10369,1,1
19793,0,1
32853,1,1
18169,1,1
22047,0,0
10240,0,0
45536,0,0
27580,0,0
35420,0,0
42872,0,0
1003,1,1
41057,1,1
40360,1,1
628,1,1
12492,0,0
39899,1,1
37734,0,0
39163,0,0
48724,1,1
33316,0,1
13762,0,0
41906,1,1
15869,1,1
32204,0,0
13645,0,0
23316,1,1
42549,0,0
49514,1,1
44370,0,0
12701,0,0
850,1,1
26303,1,1
725,0,0
30833,1,1
41718,0,0
29632,0,0
47892,0,0
14109,0,0
17293,1,1
10598,0,0
3918,0,0
26846,1,1
17012,1,1
32992,1,1
24411,0,0
38432,1,1
46587,0,0
10849,0,0
4070,0,0
31520,0,0
45073,1,1
44945,0,0
42000,0,0
1114,0,0
34035,1,1
27211,1,1
36230,1,1
20713,0,0
41314,0,1
7576,0,0
4144,0,0
708,0,0
21211,1,1
36973,0,0
5042,1,1
22142,0,0
47331,0,0
48911,1,1
30845,1,1
7776,0,0
34628,1,1
36733,1,1
4826,1,1
25508,0,0
9936,0,0
34128,0,0
22811,1,0
43112,0,0
5770,0,0
21286,0,0
36866,0,0
4740,0,1
38051,0,1
10723,0,0
16811,0,1
43683,0,0
1388,0,0
3003,0,0
25141,1,1
5396,0,0
36599,0,0
36118,1,1
49220,1,1
42912,0,0
4,1,1
47609,1,1
42819,1,1
30557,1,1
21634,1,1
508,0,0
28493,1,0
32295,0,1
10069,1,1
29633,1,1
46665,0,0
3767,1,1
22691,1,1
27592,1,1
45209,1,1
27450,0,0
18432,0,0
4421,0,0
35639,0,0
17446,0,0
26744,1,1
30115,1,1
40514,1,1
18649,0,0
11065,0,0
5712,1,0
32168,1,1
3419,0,0
27936,1,1
31908,0,0
5633,1,1
1536,0,0
42540,0,0
31729,0,0
31928,1,1
32997,0,0
24609,1,1
35359,0,0
25786,1,1
35460,1,1
47170,1,1
3444,0,0
9452,0,0
21955,1,1
2522,0,0
44734,1,1
47912,1,1
37798,1,1
11127,0,0
9935,1,1
40686,0,0
32208,0,0
24189,0,0
6293,0,0
35266,0,0
26857,1,1
35644,0,1
33346,0,0
19236,0,0
32358,0,0
21678,0,1
47654,0,1
12788,0,0
8040,1,1
8239,1,1
33589,0,0
13114,1,1
26764,0,1
42858,1,1
18056,0,0
3396,1,1
23727,0,0
47351,1,1
31234,0,0
15978,0,0
46974,1,1
36956,0,0
3120,1,1
42140,0,0
6244,0,0
15277,1,1
17009,1,1
36516,0,0
19291,0,0
45061,0,0
29820,0,0
37503,1,1
36857,1,1
16739,1,0
7598,1,1
43702,0,0
3290,1,1
40641,1,1
47288,0,0
47067,1,1
20184,1,1
7613,1,1
29935,0,0
42740,0,0
37295,1,0
20192,1,1
167,0,0
7479,1,1
2004,1,1
4729,1,0
34520,0,0
26537,0,0
11751,1,1
6556,0,0
7831,0,0
40492,0,0
8478,0,0
32163,0,0
7267,0,1
17172,0,1
43868,1,1
21915,0,0
48481,1,1
8940,0,1
48990,1,1
39205,0,0
22489,0,0
14013,0,0
25589,1,1
16904,1,1
39926,1,1
11912,0,0
49533,1,1
21187,0,0
38076,0,0
30097,0,1
42296,1,1
30579,0,1
1219,0,1
33155,0,0
29208,1,1
10565,1,1
47372,1,1
23058,0,0
25324,1,0
9205,0,0
8020,1,1
46442,1,1
24362,1,1
3030,1,1
43709,1,1
30612,1,1
8470,1,1
48643,1,1
7262,0,0
8564,0,1
42513,0,0
30072,1,1
3502,0,0
25264,0,0
32446,1,1
27864,1,0
48157,0,1
39455,0,0
12781,0,0
36470,0,0
17416,0,1
22046,1,1
10613,0,0
26988,0,0
1232,0,0
20481,0,1
32211,0,0
14522,1,1
4168,0,1
5707,1,1
25306,1,1
30671,0,0
28127,1,1
43511,1,1
46300,0,0
32729,1,1
2863,0,0
49345,1,1
48384,0,1
27493,1,1
24053,1,1
27878,0,0
2191,1,1
27822,0,0
16612,1,1
23200,0,0
3104,0,0
46619,1,1
21232,1,1
28008,0,1
6016,1,1
45043,1,1
48010,1,1
24492,1,1
1118,1,1
38339,0,0
41713,0,1
35209,1,1
6427,0,0
36793,0,0
11402,0,0
12428,1,1
21039,1,1
4859,0,0
19211,0,0
45881,1,1
20623,1,1
45139,1,1
13298,0,0
3604,1,1
43456,1,1
16323,1,0
11032,1,1
41137,0,0
42877,0,0
31931,0,0
32796,0,1
10496,0,0
465,1,1
47116,0,0
19012,1,0
5920,1,1
47255,0,0
26893,0,0
38865,0,0
1655,1,1
30664,0,1
564,1,0
16941,0,0
5907,0,0
20027,1,1
20973,0,0
41815,0,1
10742,1,0
18173,0,0
17759,1,1
8241,0,0
5683,0,0
20482,1,1
17805,1,1
17203,0,0
23406,0,0
26060,0,0
38370,1,1
24825,1,1
3095,1,0
3154,0,0
37154,0,1
35423,1,1
5236,0,0
35403,1,0
9064,1,1
14782,0,1
11275,1,1
45367,0,0
43677,0,0
8407,0,0
44815,1,1
1422,0,0
43048,0,0
11044,0,0
5215,0,0
46265,1,1
26410,0,0
25206,0,0
19534,0,0
30389,0,0
3928,0,0
36438,1,1
10508,0,0
22468,1,1
28986,1,1
4086,0,0
22363,0,0
46467,1,0
44823,1,1
38009,0,0
44855,1,1
14065,1,1
19512,1,1
24523,0,0
35975,1,1
47667,0,1
14145,1,1
3418,0,0
18923,1,1
39855,1,1
27587,1,1
41074,1,1
31382,1,1
43204,0,1
18304,0,1
11562,0,1
36941,0,0
15258,1,1
46210,1,1
32429,1,1
36354,0,0
26949,0,0
47839,1,1
644,0,0
6515,1,0
23712,1,1
24060,0,0
40539,1,1
33590,0,0
7149,0,0
46637,1,1
28862,0,0
23209,0,0
46812,0,0
29994,1,1
16399,1,1
30991,0,0
44851,1,1
39162,1,0
18353,0,0
17391,1,1
38579,1,1
46584,0,0
48803,0,0
4057,1,1
48521,0,1
35492,1,0
18410,0,1
3279,0,1
41548,0,0
36357,1,1
3366,0,0
17713,1,1
20294,1,1
26852,1,1
32633,1,1
11708,1,1
37432,1,1
14686,1,0
4878,0,0
15709,0,0
25924,1,1
28187,1,1
11014,0,1
22845,1,1
38329,0,1
32941,0,0
25819,1,1
23607,1,1
40616,0,0
7133,0,0
25715,1,1
45494,0,0
10280,0,0
43024,1,1
13299,1,1
9468,1,1
12957,0,1
36038,1,1
29167,1,0
24571,0,0
39173,0,0
45307,1,1
22783,0,0
3035,0,1
34869,0,1
45211,1,1
29350,1,1
44345,0,0
19386,1,1
19973,0,0
36775,1,1
9058,1,1
45030,0,0
10012,0,0
20616,1,1
43806,1,1
44959,1,1
35855,0,0
41939,0,0
3494,1,1
5711,0,0
484,1,1
44677,0,0
16049,0,1
13609,0,0
1406,1,1
12640,0,0
6921,0,1
27735,1,1
40798,0,1
15557,1,1
44141,0,0
22832,0,0
36123,1,1
15483,0,0
46364,0,0
18106,0,0
5265,1,1
11327,1,1
19528,0,0
26373,0,0
47399,0,0
416,0,0
30687,0,0
37413,1,1
46114,0,0
41615,0,0
29907,0,0
5823,1,1
45088,0,0
47538,1,1
2868,1,1
14644,1,1
4252,0,0
16721,0,0
40480,1,1
25830,1,1
24458,0,0
49328,0,0
38321,0,0
44027,1,1
38475,0,0
43708,1,1
24250,0,0
6793,1,1
49103,1,1
38424,0,0
20667,0,1
45509,1,1
5121,1,0
21335,1,1
3426,0,0
31176,0,0
31747,1,1
3939,1,1
14896,0,1
2530,1,1
9068,1,1
17817,1,1
7112,1,1
16421,0,0
11761,0,1
33263,1,1
39870,1,1
5540,0,1
18633,1,1
41353,0,0
13084,0,0
31270,1,1
10413,1,1
13902,0,0
25903,1,1
10632,1,1
4877,0,0
38785,0,0
37670,0,1
20248,0,0
42863,0,0
17224,0,1
18068,0,0
6750,1,1
38878,1,1
32290,0,0
7852,0,0
14977,1,1
12146,0,1
32883,1,1
36217,0,0
21824,0,0
20924,0,0
4506,0,0
2059,1,1
41920,1,0
20873,1,1
332,1,1
34392,1,0
30311,1,1
15458,0,0
39016,1,1
43721,0,0
29360,1,1
2996,0,1
31595,1,1
28221,1,1
36122,0,0
47007,0,0
48590,1,1
15429,1,1
45921,0,0
9141,0,0
13832,0,0
14188,0,0
29237,0,0
7390,1,1
47996,1,1
10434,0,0
3792,0,0
31204,1,1
25615,0,0
48608,0,0
47673,1,1
35018,1,1
7879,1,1
11296,1,1
41270,0,0
7268,0,0
45181,0,0
18765,1,1
39983,1,1
2531,0,0
5114,0,0
21822,1,1
46666,1,1
41466,0,0
8435,1,1
46097,1,1
42385,1,1
20149,0,0
1444,1,1
45327,1,0
28326,1,1
27415,0,0
31812,1,1
14603,1,1
14933,0,0
21512,1,1
8321,1,1
43523,0,0
12233,1,1
27290,1,0
32810,0,0
30423,0,0
2980,1,1
44226,0,0
6936,0,0
43533,0,0
38086,0,0
12618,1,1
28449,1,1
42720,1,1
22261,0,0
43974,1,1
44603,0,0
43144,0,0
42394,0,0
26915,0,1
37096,0,0
13963,0,0
34748,0,0
1640,0,0
48522,0,1
19232,0,0
48108,1,1
17432,1,1
39659,1,1
26448,0,0
33512,1,1
13653,1,1
20490,0,0
31462,1,1
42299,0,0
664,1,1
18806,0,0
42044,0,0
25270,1,1
7289,1,1
501,1,1
30976,0,0
21210,0,0
35188,0,0
48267,0,0
14100,1,0
26965,0,0
34181,1,0
41062,0,0
29908,0,0
28301,1,1
49094,0,0
47951,1,1
11342,0,0
19376,1,1
48845,1,1
11072,0,0
40476,0,0
40570,1,0
5146,0,0
12945,0,1
12708,1,1
11665,1,1
46069,1,1
18614,1,1
26688,1,1
23936,1,1
4244,0,0
19681,0,0
48677,0,0
48762,1,1
25153,1,0
15464,1,0
8592,1,0
1863,1,1
14224,0,0
30147,1,1
24839,1,1
37749,1,1
19313,0,0
43807,0,0
49324,0,0
9389,0,0
35469,1,1
40281,0,0
3858,1,1
22373,1,1
12990,1,1
33248,1,1
34357,1,1
37278,0,0
45802,0,0
19593,0,0
31767,1,1
10439,1,1
49545,1,1
17567,0,0
17775,1,1
29303,0,0
31858,1,1
12761,1,1
5522,1,1
14381,1,1
476,1,1
41191,1,1
1498,1,1
35357,1,1
24681,1,1
25485,0,0
18872,1,0
18457,0,0
31776,1,1
31660,0,0
33648,1,1
10894,0,1
6075,0,0
6583,1,1
37575,0,0
41001,1,1
33681,1,1
37936,1,1
29219,0,0
28426,1,1
35850,1,0
22090,1,1
29836,1,1
35313,1,1
16580,1,1
19718,1,1
40859,1,1
7339,1,1
19354,1,1
20896,1,1
1507,0,0
9712,1,1
25445,0,1
12362,0,0
27636,1,1
18670,1,1
41512,0,0
2984,0,0
33128,1,1
19511,0,0
37279,0,0
1390,0,1
36627,0,0
6434,1,1
42612,0,0
34513,0,0
7530,1,1
22008,0,0
45680,1,1
29875,1,1
36125,1,1
3940,0,0
16507,1,1
19825,0,0
24870,1,0
3541,1,1
16295,0,0
5152,1,1
5794,0,0
16315,0,0
30089,0,0
36693,1,1
32481,1,1
38637,0,0
37204,1,1
32723,1,1
32280,1,1
7411,0,0
24721,1,1
35535,1,1
9654,1,1
24432,1,0
3732,0,0
21748,1,1
34834,0,0
18035,1,1
34199,1,1
43755,0,0
28709,1,1
36227,0,0
38796,0,0
28664,0,0
46785,0,0
33815,0,0
30849,0,1
48143,0,0
9400,1,1
17874,0,0
41852,1,1
15647,1,1
5653,0,1
35978,0,0
25391,0,0
11463,0,0
17183,0,0
25812,0,0
26153,0,0
44961,0,0
15952,0,0
48238,0,0
11429,0,0
19705,1,1
15027,0,0
44136,0,0
40704,0,0
32706,0,1
3253,1,1
25170,1,1
26599,0,1
39101,1,1
33865,0,1
5195,0,0
46343,1,1
35456,0,0
21132,1,1
41063,0,0
48743,1,1
49263,1,0
20206,1,0
43822,0,0
41665,1,1
28838,1,0
17112,0,0
44897,0,0
543,0,0
13980,1,1
34029,1,1
1163,1,1
39559,1,1
8188,0,1
49569,0,0
42142,0,1
5228,0,0
19214,1,0
7439,1,1
36042,0,0
8220,0,1
24823,0,0
6013,1,1
47806,0,0
48059,0,0
36241,1,1
31244,1,1
26262,0,0
30342,1,1
3037,0,1
41816,0,0
35120,1,1
3776,0,0
11987,1,1
42002,0,0
16162,0,0
20029,0,0
3136,1,1
4513,1,1
36789,1,1
48444,0,0
42619,1,1
35564,0,0
28409,1,1
3593,0,0
22288,0,0
11189,0,0
32189,1,1
43591,0,0
49070,1,1
12928,0,0
21231,1,1
23700,1,1
10593,1,1
10311,0,0
42671,1,1
4894,0,0
1710,0,0
27193,0,0
1738,0,0
14658,1,0
1005,0,0
47904,1,1
2885,0,0
454,1,1
11670,0,0
18528,1,0
40211,1,0
10324,0,0
23467,1,1
46943,1,1
27792,1,1
20876,0,1
29080,1,1
5525,1,1
47142,1,1
16765,0,1
35985,0,0
10708,1,1
12843,0,0
6179,1,1
27957,1,1
40666,1,1
35425,0,0
18885,0,0
21935,0,0
9584,1,1
14064,1,1
45077,1,1
36907,0,0
12447,0,0
49487,0,0
20139,1,1
39397,0,0
34009,1,1
27582,1,1
9224,0,1
28293,1,1
29325,1,1
41144,0,0
44307,1,0
32742,0,0
18834,0,0
10890,0,0
49222,0,0
6483,1,1
23779,1,1
45023,1,1
29407,1,1
26877,0,0
2593,1,1
21238,1,1
30481,1,1
11262,0,0
39319,0,0
18044,0,0
45690,0,0
13649,0,0
22624,1,1
7431,0,0
24263,1,0
29800,1,1
10755,0,0
13793,0,0
4064,0,0
48393,0,1
48746,0,0
176,1,1
16357,1,1
28771,0,0
29645,1,1
44625,1,1
1566,1,0
23713,1,1
34145,0,0
4613,0,0
10500,1,1
14009,0,0
5545,0,0
2189,0,0
18842,1,1
34981,1,1
37073,0,0
13301,1,1
17134,0,0
17289,0,0
7306,0,0
22270,1,1
22853,1,0
6915,1,1
7514,0,0
30969,0,0
42852,1,1
41101,1,1
13585,0,1
11476,0,1
14589,0,0
16831,0,0
20217,1,1
37317,1,1
25354,0,1
21982,0,0
11601,0,0
28277,1,1
25880,0,0
6925,1,1
47727,1,1
15404,0,0
40543,0,0
27221,0,0
14240,0,1
1599,1,1
17758,0,1
29540,0,0
40237,1,1
44371,1,1
2528,1,1
36384,0,0
9728,1,1
35965,1,1
30778,1,0
14045,1,1
27506,1,1
13641,1,1
16594,1,1
2874,0,1
28153,1,0
21854,1,1
25986,1,1
38886,1,1
45036,0,0
31715,1,1
26904,1,1
47201,0,0
40981,0,0
4362,1,1
15771,1,1
40396,0,0
8784,0,0
48867,1,1
24360,1,1
46309,1,0
42532,0,0
7266,0,1
18191,0,0
36205,1,1
20636,0,0
47337,1,1
22824,0,0
14736,0,0
15632,1,1
14555,0,0
46292,1,1
33695,1,1
5034,0,0
32331,1,1
4155,1,1
1276,1,1
14431,1,0
330,0,0
42813,1,1
3617,1,1
45196,1,1
18215,0,0
46444,0,0
42636,1,1
15192,0,0
38816,0,0
19711,0,0
9410,0,0
20913,1,1
7132,1,0
14791,0,1
39170,1,1
12946,1,1
13389,1,0
32321,1,1
13478,0,1
42630,1,1
40618,1,1
1180,0,0
23198,0,0
18463,1,1
1603,1,0
949,1,1
12475,0,0
35355,1,1
37414,0,0
1822,1,0
12613,1,1
8920,1,1
28134,0,0
48124,0,0
17815,1,1
12465,0,0
45597,0,0
16201,0,0
46103,0,0
28197,1,1
43908,1,1
10842,1,1
29879,1,1
27800,1,1
10342,0,0
9828,1,1
9002,0,0
46387,0,0
44510,0,0
45609,1,1
13469,0,0
26929,1,1
1792,0,0
10026,1,0
7229,1,1
45849,1,1
28097,0,0
9403,1,1
30643,0,0
46038,1,1
18668,0,1
44382,1,1
23343,1,1
38802,0,0
18478,0,0
19474,0,0
32531,0,0
1901,1,1
34138,0,0
24032,0,0
25454,0,0
44445,0,0
47313,1,1
38109,1,1
18750,1,0
23372,1,1
3150,0,0
19485,0,0
39869,0,0
26842,1,1
27477,1,1
19200,1,1
11247,1,1
44610,0,1
47835,1,0
17853,1,1
46326,1,1
38021,1,1
33247,0,1
10016,0,0
25258,1,1
10417,0,1
1175,1,1
37491,0,0
16158,0,0
28764,1,1
9254,0,0
45677,0,0
46055,1,1
10586,1,0
49137,0,0
33915,0,0
35025,1,1
42410,0,1
46954,1,1
41616,1,1
23878,0,0
15938,1,1
19704,0,0
41350,0,0
10644,0,0
469,1,1
35452,0,0
47035,1,1
45387,1,1
18057,0,1
46944,1,1
27334,1,1
35537,1,1
30878,0,1
26765,1,1
14761,0,0
47556,0,0
19568,0,0
1282,0,0
14290,1,1
19469,1,1
25927,0,0
20604,0,0
21862,1,0
3564,0,0
33067,1,1
44540,0,0
32820,0,0
5975,1,1
9287,0,0
7284,1,1
40814,1,1
12933,1,1
6648,0,1
18246,1,1
4305,0,1
21024,1,1
18785,1,1
17962,1,1
5275,1,1
32102,1,1
37090,1,0
18902,1,1
8193,1,1
2441,1,1
37320,1,1
42373,1,1
9189,1,1
10126,0,0
46998,1,1
16028,1,1
30347,0,0
842,1,1
35928,0,0
40744,1,0
18092,0,0
18053,1,1
48483,1,1
36542,0,0
27074,1,0
24656,1,1
32865,0,0
11972,1,0
7175,0,1
4119,0,0
32068,0,0
28953,1,1
2493,1,1
44148,0,0
26353,0,0
29207,0,0
10054,1,1
22279,0,0
31861,0,1
45330,0,0
33803,0,0
13019,0,0
41503,1,1
13747,0,0
45064,1,1
28518,0,0
1704,0,0
21317,1,1
49389,0,0
4034,0,0
41837,1,1
42725,1,1
15653,0,0
10824,1,1
39388,0,0
22986,0,0
16423,1,1
33141,1,0
6536,0,0
16172,1,1
39491,1,1
48756,0,0
44293,0,0
27451,0,0
15796,0,0
46646,0,0
27622,1,1
38567,0,0
37293,1,1
25981,1,1
24344,1,1
3467,1,1
7128,1,1
1900,1,1
30902,1,1
19854,0,0
11335,1,1
46838,1,1
10821,1,1
49165,0,0
47075,1,1
45308,1,1
37959,1,1
39003,1,1
18948,0,0
36905,0,0
7270,0,0
15024,1,1
4580,0,0
15951,1,1
18370,1,1
38880,1,1
41318,1,1
40465,1,1
6113,1,1
26860,1,1
48454,0,0
2710,0,0
4524,1,1
15555,1,1
44838,0,0
38025,0,0
39286,0,0
40389,1,1
6676,1,1
23677,0,1
16027,0,0
16718,1,1
26730,1,1
48035,0,0
25681,1,1
38003,0,1
2354,1,1
22712,0,0
15809,0,0
7456,1,1
40987,1,1
8870,0,0
12486,1,1
8639,0,0
38272,1,1
7359,0,0
11457,0,0
42108,0,0
30629,0,0
46336,0,0
9743,1,1
46588,1,1
41625,0,0
45825,1,1
34340,1,1
30374,1,0
11208,0,0
10688,0,0
8961,0,0
26803,0,0
24542,0,0
38125,0,0
3863,0,1
6100,1,1
17284,0,0
15107,1,1
1414,0,0
11380,0,0
46555,0,0
31033,0,0
17356,0,0
45015,1,1
15153,0,1
24165,0,0
6262,0,1
34373,1,1
20290,1,1
34665,1,1
19969,0,1
30093,1,0
17782,1,0
41064,0,0
25691,1,1
7342,0,0
14467,0,0
5348,0,0
16528,1,1
4775,0,0
7955,0,0
14499,1,1
998,0,0
23497,1,1
18237,1,0
43653,1,1
32570,0,0
26878,0,0
29973,0,0
7427,1,1
26812,0,0
29268,0,0
33641,1,1
39070,0,0
21654,1,1
33192,1,1
8274,1,1
33149,1,1
27060,1,1
28108,1,1
23346,1,1
15953,1,1
43891,0,0
44470,0,0
38323,1,1
48584,0,0
44801,0,0
6689,1,1
9731,0,0
12030,1,1
38013,0,0
38281,1,1
45713,0,0
4035,1,1
15331,1,1
1811,1,1
19872,1,1
2210,1,1
24148,0,1
27481,1,1
7950,0,0
20726,0,0
46296,1,1
6373,0,0
14074,0,0
985,1,1
14054,1,1
30922,1,1
17808,0,1
36604,1,1
15054,0,0
20186,1,1
17967,1,1
45585,1,0
34187,0,0
6948,1,1
22230,0,1
36517,0,0
27227,1,1
40404,0,0
24493,1,1
17656,0,0
26083,0,0
41406,0,0
4867,1,1
14090,0,0
14356,0,0
17473,1,1
43186,0,0
5373,0,0
47813,0,0
35259,0,0
29438,1,1
29428,0,0
16266,0,0
44099,0,0
37907,1,1
23597,0,1
49473,1,1
43010,1,1
11348,0,0
20717,1,1
20813,0,0
29822,0,0
36232,0,0
2008,1,1
16768,0,1
19011,0,0
21126,1,1
6484,1,1
39475,0,0
8113,0,0
32434,1,1
17394,0,1
41354,0,0
23146,0,0
47697,0,0
9722,1,1
6736,1,1
15985,1,1
30056,1,1
34184,1,1
44808,0,0
24084,0,0
22193,1,1
23884,1,1
23443,0,0
29918,0,0
12515,0,0
43809,1,1
48566,1,1
34738,1,0
34378,0,0
24508,0,0
38206,0,0
38483,1,1
3085,1,1
29993,1,1
26466,1,1
45515,1,1
20443,1,1
18203,0,0
3227,0,0
26969,0,0
13676,1,1
35756,0,1
22905,1,0
30229,0,1
39781,1,1
32603,0,0
48386,0,0
34114,1,1
34477,1,1
11839,0,0
12261,0,1
21916,0,0
37776,1,1
24646,1,1
17608,1,1
34857,0,0
49535,0,0
25222,1,1
2574,1,1
10527,0,0
21396,1,1
26037,1,1
43880,0,0
33860,0,0
38451,1,1
33249,1,1
5169,1,1
18466,1,1
28162,1,1
20374,0,0
38478,1,1
43597,0,0
37530,1,1
2322,1,0
3184,0,0
38681,1,1
26795,0,0
21680,0,0
12179,1,1
3001,0,0
4813,1,1
47227,0,0
23850,0,0
4303,1,0
314,0,0
21890,0,0
31920,0,1
12240,1,1
35828,0,0
2561,0,0
30192,0,0
8537,1,1
8760,1,1
36521,0,1
16620,1,1
5610,0,0
20892,1,1
41300,0,0
28124,1,1
6808,1,0
6804,0,0
48534,0,0
47163,1,1
18754,0,0
32666,0,0
17566,0,0
48672,0,1
17364,1,1
6194,0,1
5235,0,0
25562,1,1
3758,1,1
15411,0,0
49371,0,0
3697,1,1
2476,0,0
11499,0,0
38593,1,1
26369,0,0
36564,1,1
40435,1,1
341,1,1
3025,0,0
28567,0,0
14851,1,1
26865,0,0
34879,0,0
36579,1,1
22245,0,0
14286,1,1
36008,1,1
1644,0,0
21407,1,1
32601,1,1
24186,1,0
45774,0,0
10427,0,0
6658,1,1
8790,0,1
3780,1,1
44050,1,1
36028,0,0
7379,0,0
24897,0,0
16776,0,0
33265,0,0
6522,1,1
40371,1,1
14401,0,0
21992,0,0
43843,0,0
22719,1,1
14707,1,1
11575,1,1
39842,0,0
39641,1,1
41845,1,1
29015,1,1
18376,0,0
24632,0,1
41468,1,1
6769,0,1
18275,0,0
12285,0,0
21208,0,0
3211,1,1
31140,1,1
29010,1,1
36987,0,0
25509,1,1
32799,1,1
18741,0,0
12005,0,0
44084,1,1
6418,0,0
45281,0,0
22427,1,1
39179,0,0
41647,0,0
27161,0,0
25550,1,1
10552,0,0
20731,0,1
26981,1,1
36726,1,1
25531,1,1
40109,0,0
40732,0,0
11192,1,1
23885,1,1
38820,1,1
24814,1,1
7122,1,1
27876,0,0
43151,1,1
7891,0,0
2213,1,1
44866,1,1
47114,1,1
47988,1,1
19101,0,0
33230,1,1
19378,1,1
46077,1,1
48781,0,0
34656,1,1
23668,0,0
19412,1,1
4229,1,1
35627,1,1
31998,0,0
22932,1,0
45739,0,0
21877,1,1
32367,1,0
30000,0,0
31582,1,1
1954,0,0
42615,0,0
45489,0,0
9666,1,0
38937,1,1
23809,0,1
17983,0,0
7182,1,1
38725,0,0
41994,1,1
6887,1,1
40078,0,0
12024,1,1
32171,1,1
48407,0,0
13816,1,1
22249,0,0
47382,1,1
21478,1,1
27214,1,1
12052,0,1
16248,1,1
4315,1,0
27760,1,1
10407,1,1
9961,1,1
12457,1,1
6400,1,0
23734,0,0
15666,1,1
144,0,0
46606,0,0
32451,0,0
30437,1,1
11099,1,1
29660,1,1
26923,1,1
32495,1,1
7990,1,1
12671,0,0
47592,0,0
40741,0,0
41027,1,0
19842,0,0
41479,1,0
24155,0,0
16111,0,0
33974,1,1
25845,0,0
8952,0,0
40070,1,1
23287,1,0
33449,0,0
9125,0,0
32688,0,0
41399,1,1
43774,0,0
37075,1,1
25124,0,0
33904,1,1
17436,1,1
18083,1,1
10289,0,0
11297,0,0
22171,0,0
25584,1,1
1121,0,0
8035,1,1
19107,1,1
5071,1,1
43445,1,0
19883,0,0
6975,1,1
33533,1,1
47205,1,1
44353,0,0
40106,0,0
42952,1,1
34237,1,1
47356,1,1
11187,1,0
48941,0,1
29720,0,0
41960,0,0
18216,1,0
44143,0,0
11789,1,1
7100,0,0
25777,0,0
34197,1,1
2084,1,1
25383,0,0
48392,1,1
44600,1,1
49251,0,1
29364,1,0
23573,0,1
32159,1,1
39688,0,0
45812,1,1
25670,0,1
399,1,1
21110,0,1
11450,0,0
20993,1,1
45700,1,1
2975,0,0
42352,1,1
11668,1,1
40394,0,0
45559,0,0
14206,0,0
1372,1,1
18829,0,1
12896,1,1
27627,0,1
9792,1,1
29817,0,0
37429,0,1
29221,1,1
47268,1,1
45179,0,0
11300,0,1
12341,0,0
24380,0,0
34597,1,1
9351,1,1
29941,0,0
16242,0,0
13511,1,1
34605,0,0
46102,1,1
25527,0,0
21766,1,1
10512,1,1
9061,1,1
33961,1,1
10020,0,0
18865,0,1
5012,0,0
10123,1,1
29390,1,0
26217,0,0
27955,1,1
12440,0,1
1162,0,0
6132,1,1
28388,0,0
35069,0,1
19286,0,0
15246,1,1
38840,0,0
11034,1,1
43352,0,0
43970,1,1
12539,1,1
21393,1,1
38133,0,0
40533,0,1
16886,1,0
27544,0,0
28985,0,0
35071,1,1
34930,0,0
46901,1,1
28200,1,1
39398,1,1
2757,0,0
43993,1,1
26487,1,1
12004,1,1
16039,1,0
35309,0,0
11165,1,1
23012,1,1
19373,0,0
17554,0,1
13581,1,1
33940,1,1
22607,1,1
1911,0,0
20573,1,1
42502,1,1
12009,0,0
20867,1,1
14459,1,1
32569,1,1
17893,0,0
4657,0,1
7503,1,1
2098,0,0
24615,0,0
37025,1,1
28353,1,1
1985,0,0
35994,1,1
18273,1,0
9055,0,0
26254,0,0
4273,1,1
28403,1,1
40758,1,1
45628,0,0
6537,0,0
45965,0,0
4449,1,1
40452,0,0
13099,0,1
46991,0,1
12692,0,0
43998,0,1
35766,1,1
43215,0,0
19646,0,0
9381,1,1
39967,1,1
24330,1,1
12033,1,1
20339,0,0
19452,0,1
33222,1,1
2579,0,0
40508,1,1
24055,1,1
19395,0,0
609,1,1
13167,1,1
48406,1,1
33246,1,1
17963,0,0
8893,1,1
38447,0,0
36849,1,1
6946,0,0
7155,1,1
45390,0,0
13263,0,0
21382,1,1
45925,0,1
29620,1,1
42027,0,1
18379,1,1
25754,0,0
32225,1,1
35378,1,1
27508,0,0
30592,0,1
47821,1,1
17381,1,1
22513,0,0
4377,0,0
27978,0,0
28309,0,0
40217,1,1
42060,0,0
23319,1,1
10118,0,0
33103,1,1
35048,1,1
31399,1,1
16451,0,0
24915,1,1
45787,1,1
25487,0,0
18554,1,1
49235,1,0
29730,1,1
38903,1,1
7168,1,1
27560,1,1
38608,1,1
12758,1,1
1226,1,1
47419,0,0
45493,1,1
13579,0,0
27440,0,0
277,1,1
5045,0,1
19706,0,0
32231,0,0
26621,1,1
853,1,1
42606,1,1
25045,1,1
16731,1,1
37858,0,1
32215,0,0
40896,1,1
884,1,1
19100,0,0
17735,1,1
26335,0,0
26964,0,0
48381,1,1
9025,0,0
3272,0,0
34829,1,1
23972,0,0
36556,1,1
30060,0,1
3519,1,1
5803,0,1
36961,1,1
28998,0,0
28585,0,0
4669,0,0
42234,0,0
49439,0,0
46879,0,0
18661,1,1
9769,1,1
17577,0,0
33679,1,1
22227,0,0
19437,0,0
41471,1,1
25114,0,0
13251,1,1
29335,1,1
36990,0,0
38716,0,0
36265,0,0
36673,1,1
36162,0,0
26607,1,1
42879,0,0
14916,0,0
46278,0,0
10424,1,1
45989,1,1
34845,0,0
3335,1,1
10406,1,1
34586,1,1
21003,0,0
32075,1,1
20650,1,1
42795,0,0
34943,1,1
34526,1,1
41698,1,1
17479,0,0
17141,0,0
646,0,0
10536,1,0
49045,0,0
42745,0,0
5455,0,0
35970,0,0
28667,1,1
28691,1,1
39259,0,0
9592,1,1
38767,1,1
37372,0,0
16030,1,1
27731,0,0
31025,1,1
8570,1,1
23591,0,0
16584,1,1
36184,0,0
39935,0,0
7905,1,1
3402,1,1
17686,1,1
20624,0,1
28983,0,0
14001,1,1
17179,1,1
1138,1,1
11636,1,1
33336,1,1
9384,1,1
14511,0,0
9538,1,1
42853,0,0
49179,0,0
45406,1,1
25747,1,0
33202,0,0
21299,0,0
28556,1,1
33341,0,0
31591,1,1
48824,1,1
22114,1,1
44580,1,1
15466,0,0
20196,1,1
36049,1,1
26180,0,0
41671,0,0
44847,1,1
42055,1,1
24962,1,1
4243,0,0
33659,1,1
9848,1,1
30076,1,1
13519,1,1
3804,0,0
22600,0,0
198,1,1
1448,1,0
30739,1,1
17737,1,1
31900,1,1
6199,0,0
40716,1,1
32179,0,0
6231,0,0
20090,0,0
20076,0,0
43022,0,1
28993,1,1
30051,1,1
24051,1,1
28871,1,1
24894,1,1
20898,0,0
21247,0,0
35322,1,1
8171,0,0
11209,0,0
19067,0,0
27078,1,1
17149,1,1
14765,0,0
42801,1,1
22664,0,0
7708,0,0
8565,0,0
7982,0,0
29286,1,1
46450,1,1
681,0,0
6211,1,1
25928,1,1
28292,0,0
41407,0,0
47093,1,1
8971,0,0
46033,1,1
33090,0,0
35470,1,0
36380,0,0
19221,0,0
9253,0,0
16870,1,1
36273,1,1
4120,0,0
23980,0,0
37205,1,1
46513,1,1
40227,0,0
16812,0,0
34092,1,1
15845,1,1
42665,0,0
32249,1,1
43321,0,0
8692,1,1
29499,0,0
6413,0,1
8279,1,1
31201,1,1
17078,0,0
2463,1,1
17860,1,1
33217,0,0
25127,1,1
40628,0,0
3840,1,1
9194,1,1
19647,0,1
9366,1,1
19580,0,0
40783,0,0
38707,0,0
11048,1,1
38540,1,1
42749,0,0
13048,0,0
38614,0,0
25728,1,1
28382,1,1
24895,0,0
25782,1,1
27958,0,0
36937,0,0
38790,0,0
18247,1,1
15334,1,1
19707,0,0
44217,0,0
39191,1,0
2899,1,1
24706,0,0
49382,0,0
9207,0,0
40391,1,1
35541,0,1
23722,0,0
7497,1,1
24786,0,0
42969,0,0
6020,0,0
38750,1,1
37520,1,1
18536,0,0
45007,1,0
37962,1,1
29567,0,0
21202,1,1
26679,0,0
24461,0,0
33884,0,0
7519,0,1
43312,1,1
10115,1,1
25795,0,0
26796,1,1
6156,0,0
1824,0,0
27945,0,0
10604,1,1
44280,0,0
14399,0,1
5010,1,1
25716,0,1
6034,0,0
26314,0,0
26770,1,1
21413,1,1
19027,1,1
36759,1,1
20348,0,0
19052,0,0
27642,0,0
22723,1,1
44498,1,1
28041,0,0
34266,1,1
322,0,0
4233,1,1
9580,0,0
34032,1,1
38529,0,0
45237,0,0
43857,0,0
41446,1,1
47302,1,1
45811,0,0
8528,0,0
32516,0,0
43611,1,1
9733,1,1
29434,0,0
35000,1,1
30594,1,1
8647,0,0
7294,0,0
24801,1,1
28418,1,0
47939,1,0
26242,0,0
24444,1,1
12980,1,1
27985,0,0
16470,1,1
8510,0,0
20241,1,1
39651,0,0
44344,1,1
39803,0,0
19327,0,1
23812,1,1
30672,0,0
4264,1,1
5746,1,0
46716,0,0
37322,1,1
36569,0,0
373,1,1
19976,1,1
29104,1,1
31469,1,1
28107,1,1
30830,1,1
43865,1,1
18769,1,1
33669,1,1
13924,1,1
47725,0,1
4622,0,0
4455,1,1
44250,1,1
43826,1,1
6651,0,0
45630,1,1
47150,0,0
30796,0,0
39622,0,0
33920,0,1
43567,1,1
45566,1,1
62,1,1
41640,1,1
22062,1,0
9955,1,1
45517,0,0
30477,1,1
4384,0,0
30952,0,0
13573,0,0
2385,1,0
9645,0,0
28980,0,0
38876,1,1
7984,1,1
34658,1,1
45273,1,1
42747,1,1
10134,0,0
15500,1,0
5035,1,1
43563,1,1
41518,0,0
26121,0,0
49557,1,1
26288,1,1
13972,1,1
16840,0,0
27858,1,1
44901,1,1
12496,1,1
25990,1,1
22067,1,1
9998,1,0
35218,1,1
45498,0,1
47316,0,0
14854,1,1
28844,1,1
31708,0,1
35598,0,0
30033,1,0
428,0,0
37231,0,0
39186,1,1
32825,1,1
45715,1,1
10520,1,1
20735,0,1
27653,0,0
21616,1,0
10477,1,0
12623,0,0
17840,1,1
31143,1,1
47033,0,0
13504,1,1
23686,1,1
43464,1,1
41551,0,0
14526,1,1
39617,1,1
17247,0,0
20693,0,0
23056,1,1
12851,1,1
31418,0,0
25303,0,0
24716,0,0
33493,0,1
11478,1,0
2767,0,0
5159,0,0
2185,1,1
48809,0,0
23006,0,0
44427,1,1
7499,0,0
2494,0,0
3986,0,0
21001,1,1
29002,0,0
48562,1,1
48731,0,0
48770,1,0
24651,1,1
3539,1,1
36555,1,1
40075,1,1
31569,1,1
21096,1,1
14400,0,0
48289,1,1
37124,0,0
39085,0,0
6217,1,1
17663,0,1
20179,0,0
24808,0,0
45578,0,0
38335,1,1
25453,0,0
35003,0,0
25961,0,0
34913,0,0
21100,0,0
3882,0,0
20062,0,0
11813,0,0
6585,0,1
3221,0,0
46583,1,1
17666,0,0
46670,0,0
24628,0,0
33771,1,1
43561,0,1
33420,0,0
22795,1,1
25970,1,1
11591,0,0
30277,0,0
46891,1,1
28943,0,0
10657,0,1
30491,1,0
5395,1,1
34006,0,0
385,0,0
44489,1,1
2969,1,1
44153,1,1
22199,1,1
36702,1,1
17549,0,1
10064,0,0
13247,1,1
32165,1,1
21785,0,0
5692,1,0
31698,0,0
30293,0,0
46835,0,0
32096,0,0
2095,1,1
9598,1,0
22937,1,1
3751,0,0
40133,0,0
42139,0,1
21221,0,0
37195,1,1
37949,0,0
45182,1,1
44616,0,0
40011,1,1
19062,0,0
35982,0,0
14493,0,0
30567,1,0
33945,1,1
16501,0,0
1281,1,1
32547,0,0
31657,1,0
4459,1,1
34772,1,0
44395,1,1
21418,0,0
914,0,0
19044,0,0
15946,0,1
41155,1,1
17255,0,0
34623,0,0
34616,0,0
32091,0,0
48656,0,0
898,0,0
48179,1,1
39502,0,1
25870,0,0
44676,0,0
31255,0,0
971,0,0
32122,1,1
28603,1,1
49295,0,0
3653,1,1
31296,0,0
17820,1,1
8466,0,0
32566,0,0
2132,1,1
43497,1,1
10873,1,1
33820,1,1
2372,1,1
16123,1,1
5676,0,0
9195,1,1
13058,1,1
38983,0,0
43054,1,1
35173,1,1
24735,0,0
35893,1,1
25209,0,0
6939,0,0
19092,0,0
1012,0,0
4091,1,1
10852,0,0
24863,1,1
43196,1,1
7441,0,0
21562,1,1
45083,1,1
27203,0,0
25863,1,1
36603,1,1
9604,1,1
45192,1,1
11225,0,0
231,1,0
7040,1,1
48371,0,0
18102,1,1
24001,0,0
40684,0,0
38535,0,0
39357,1,1
31997,1,0
27673,1,1
42799,1,1
23013,1,0
2638,0,0
35716,0,0
13082,0,0
46727,0,0
41721,1,1
11890,1,1
28100,1,1
14881,0,0
17345,1,1
29083,1,1
3885,1,1
4519,0,0
31450,1,1
28809,1,0
47287,1,0
10441,1,1
44583,1,1
24158,0,0
36006,0,0
24971,0,0
48366,0,1
15127,0,1
43649,0,1
36353,0,0
5966,1,1
42260,1,1
7615,0,0
42403,0,0
27983,0,0
44164,0,0
8473,0,0
9845,1,1
48278,0,0
35625,0,0
10883,0,0
7596,0,0
24463,1,1
7646,1,1
36513,1,1
9134,0,0
4326,1,0
22466,0,0
41626,0,0
18662,0,0
2954,1,1
43828,1,1
17049,1,0
37985,0,0
20413,1,1
14946,1,1
17324,1,1
41723,1,1
1876,0,0
11270,1,1
625,0,0
46417,1,1
24636,0,0
25713,0,0
33304,1,1
28530,1,1
26305,1,1
5872,0,0
41884,0,0
16313,1,1
30521,0,0
9313,0,0
12528,0,0
22001,0,0
38888,0,0
38295,0,0
32679,1,1
45203,1,1
11568,0,1
47407,0,0
23389,0,0
36429,1,1
21707,1,1
33779,1,1
480,0,0
7892,0,0
42339,1,1
20879,1,1
12372,0,0
43233,1,1
25726,1,1
38286,1,1
31756,0,0
23080,1,1
34091,0,0
48218,1,1
9532,1,1
35764,0,0
273,1,1
25220,1,1
34626,0,0
14940,0,0
16549,0,0
22470,1,1
23310,1,1
31503,0,0
6526,1,1
2174,0,1
18551,0,0
8668,1,1
40073,1,0
38007,1,1
39360,1,1
47038,0,0
758,0,0
12656,1,1
37700,1,1
33399,0,0
1818,0,0
39646,0,0
16467,1,1
24152,0,0
4469,1,1
46290,0,0
23176,1,1
33873,0,0
10214,1,1
4579,1,1
6193,0,0
30513,1,1
46375,0,0
36001,1,1
12124,0,0
28148,1,1
26387,0,0
35911,0,0
20969,1,1
8034,1,1
45213,0,0
5086,1,0
46242,0,0
19490,1,1
45396,0,0
48132,1,1
9887,1,0
18393,0,0
37229,1,1
6215,0,0
16726,0,0
8406,0,0
35449,1,1
22979,1,1
351,0,0
41472,1,1
40552,1,1
1576,1,1
38271,0,1
9988,0,0
37538,1,1
18736,1,1
17210,0,0
8858,1,1
10378,1,1
16674,1,1
44727,1,1
7029,1,1
5568,0,0
25086,1,1
49119,1,1
14729,0,0
23090,1,1
5864,1,1
40361,0,1
5582,1,1
26820,0,0
6230,0,0
5046,0,1
47417,1,0
8745,1,1
10964,0,0
18496,1,1
38039,0,0
3829,0,0
3168,1,0
13312,0,0
48719,1,1
40423,1,1
43146,1,1
22808,1,1
31620,0,0
35078,0,0
46818,0,0
11035,0,0
7673,1,0
24963,0,0
44098,0,0
11823,0,0
12505,1,1
21847,0,1
15056,0,1
15158,0,0
46883,1,1
31338,1,1
2902,0,0
4614,1,1
2434,1,1
19155,1,1
32319,0,0
37653,1,1
41725,1,1
43607,1,1
41729,1,1
29243,1,1
14092,0,0
558,1,1
26906,0,1
36141,0,0
24961,1,0
6056,0,0
23417,0,0
24954,1,1
48369,0,0
21160,1,1
16864,0,0
10853,0,0
16228,1,1
103,1,0
36398,0,0
27287,0,0
22558,1,1
13632,0,0
18172,0,0
4162,1,1
47887,1,1
21609,0,0
6392,0,0
37948,1,0
45651,0,0
19224,1,1
5841,0,0
37247,0,0
43766,0,0
12184,0,0
4256,0,0
49454,1,1
1866,1,1
37406,0,0
36706,1,0
33991,0,0
28313,1,1
8420,1,1
24208,1,1
45591,1,1
8383,0,0
702,0,0
34553,0,0
36563,0,0
17697,0,0
22237,1,0
39125,0,1
6888,1,1
38508,1,1
41435,0,0
6809,1,1
9126,1,1
4884,1,1
23353,1,0
49556,0,1
776,0,0
20418,1,1
30168,0,0
30686,1,1
39142,0,0
47643,0,0
14462,1,1
13586,1,1
34466,0,0
43443,1,1
48139,0,0
17768,0,0
2055,1,1
745,1,1
12824,0,0
31411,1,1
49160,0,0
46976,1,1
2851,1,1
35500,1,1
5879,0,0
47012,0,0
44880,1,1
37901,0,0
23662,0,0
3036,1,1
13396,1,1
35508,1,1
23403,0,0
1682,1,1
14163,1,1
10557,0,0
49214,1,1
21374,1,1
38697,0,0
15393,0,0
6340,1,1
9826,0,1
41397,0,0
7481,1,1
7667,0,0
45662,1,1
10735,0,0
4215,1,1
32778,0,0
38830,0,0
13814,0,0
35166,0,0
1000,0,0
43508,0,0
10901,0,1
27039,1,1
11666,1,1
33778,0,0
32461,1,1
40564,1,1
8468,0,0
28329,1,1
34331,1,0
19138,1,1
40472,0,0
6095,1,1
14524,0,0
6365,1,0
17072,1,1
20230,1,1
19719,1,1
6904,1,1
44829,0,0
43113,0,0
10689,1,1
25113,1,1
34962,0,0
8296,1,1
8648,0,1
34846,0,0
44904,0,0
5011,1,1
11753,1,1
32039,0,1
43757,0,0
17722,1,1
25586,1,1
12753,1,1
41813,1,1
15631,1,1
20931,0,0
7217,0,1
32466,1,1
34835,0,0
48024,1,1
36219,1,1
19723,0,0
40231,0,0
3265,1,1
23673,0,0
7180,1,1
22019,0,0
26150,0,0
46359,0,0
20944,1,1
29595,0,0
12630,0,0
17871,1,1
7327,1,1
14181,1,1
39942,0,0
33352,1,1
16946,1,0
11986,1,1
13734,0,0
460,1,1
12214,1,1
16976,0,0
7209,1,0
37010,1,1
4844,1,1
4724,0,0
20109,1,1
22229,1,1
14348,0,0
27859,1,1
15118,0,0
7330,0,0
1377,0,0
39998,1,0
33081,0,0
8370,0,1
41835,1,0
29834,1,1
13466,0,1
26225,1,1
49312,0,0
42363,0,0
40833,0,0
33579,0,0
30853,1,1
11852,0,0
6496,1,1
31190,1,0
16545,0,0
20907,0,1
15553,1,1
28907,0,0
35239,0,0
34162,1,1
34389,0,0
14361,0,0
25661,0,0
15350,1,1
16290,0,0
23366,0,0
35410,1,1
13933,1,1
37542,1,0
15981,0,0
41586,1,1
43495,0,1
9128,0,0
2328,0,0
24109,1,1
28636,1,1
48082,1,0
13443,1,1
21679,1,1
35759,1,1
42285,0,0
17252,0,1
31702,0,0
11337,0,0
24864,1,1
4351,1,1
45233,1,1
44952,1,1
13477,1,0
42446,1,1
12090,0,1
17398,0,0
2436,1,1
9036,1,1
49166,0,0
46116,0,0
34247,1,1
22493,0,0
37104,1,1
7356,1,1
4248,0,0
40766,0,0
36497,1,1
21449,1,1
15312,0,0
17912,0,0
11711,1,1
13906,0,0
14168,1,1
6067,1,1
8085,0,1
23260,0,0
32611,1,1
16694,1,1
48504,1,1
6752,1,1
6059,1,1
890,1,0
21779,1,1
20996,0,0
20053,0,0
31144,0,0
4788,0,0
12575,0,0
13214,1,0
17051,0,0
19741,0,0
19805,0,0
651,0,1
44500,1,0
20610,0,0
40335,0,0
47985,0,1
43272,1,1
22803,1,1
29826,1,1
30258,0,0
36763,1,1
14617,0,0
35550,0,0
5211,0,0
2554,0,0
37717,0,0
4107,1,0
23002,1,1
34547,1,1
12000,0,0
41754,1,1
26376,1,1
34780,0,0
48147,1,1
46885,0,0
38771,0,0
18828,1,1
32440,1,1
22362,1,1
15135,0,0
41082,0,0
18832,0,0
42825,1,1
19587,0,0
31383,1,1
48939,1,1
49083,0,0
41970,1,0
15382,1,1
8257,0,0
49445,0,1
12604,0,1
8238,0,0
31529,0,0
8929,1,0
6129,0,0
48678,0,0
33218,1,1
48467,1,1
36927,0,1
20310,1,1
47752,0,1
20253,0,0
48894,0,0
32982,1,0
12668,1,1
3737,1,1
2514,0,0
43928,0,0
42588,0,0
14737,1,1
7200,0,0
22336,1,1
48755,1,1
26794,0,0
9661,1,1
4976,1,1
13066,0,0
17164,1,1
25297,1,0
14682,0,0
2515,0,0
2726,0,0
5491,1,1
32458,0,0
45195,1,1
47289,0,0
4413,0,0
35683,1,1
45752,1,1
23475,1,1
34116,0,0
33421,1,1
29000,0,0
7070,0,1
48901,1,1
5921,0,0
27687,0,0
5466,1,1
48399,1,1
46476,1,1
40679,0,0
27786,1,1
38991,0,0
6361,1,1
2900,0,0
10465,1,1
44071,0,0
41935,0,0
47092,1,1
30490,0,0
25806,1,1
936,0,0
47189,0,1
48706,0,0
34596,1,1
32993,1,1
10741,1,1
34725,0,0
38229,1,1
18434,1,1
15936,1,1
5662,1,0
3931,1,1
21069,0,0
14597,1,1
32480,1,1
581,0,0
34995,0,0
14653,0,0
44990,0,0
33140,0,0
28622,0,0
9520,1,1
14741,1,1
3919,1,1
16072,1,1
17208,1,1
44793,1,1
38005,0,0
41636,1,1
47704,0,0
770,0,1
21349,0,0
46459,1,1
42840,0,0
45619,0,1
19949,1,1
44973,1,1
15694,0,0
32914,0,1
41539,1,1
5564,1,1
34422,1,0
19484,1,1
39578,1,1
297,1,0
12365,0,0
25612,0,0
12616,0,0
8337,1,1
24581,1,1
21237,1,1
49526,1,1
30536,0,0
13259,1,1
46149,0,0
1278,0,1
31522,1,1
44528,1,1
39463,1,1
9798,1,1
34480,0,0
16982,0,0
29843,1,1
5187,1,1
25636,1,0
14981,1,1
47550,0,0
36440,1,1
12838,0,0
3308,1,1
11729,1,1
27343,0,0
9531,0,0
7524,1,1
42087,0,1
42861,1,1
12181,0,1
6623,0,0
9606,1,1
3401,1,1
19160,1,1
18136,1,1
26063,0,0
47216,1,1
20984,1,1
24744,1,1
37307,1,1
22718,0,0
9060,1,1
5572,1,0
37676,0,0
25953,0,0
37126,0,0
11632,1,1
9846,1,1
36297,1,1
27646,1,1
16397,1,1
45698,0,0
14500,0,0
48737,0,0
26798,1,1
3425,1,1
3230,0,0
20063,0,0
19658,1,1
8684,1,1
35249,0,0
24936,1,1
37918,1,1
40300,1,1
11532,1,1
10630,0,0
27577,0,0
13452,0,0
39078,0,0
11980,0,0
11836,0,0
43714,1,1
27531,1,1
6916,1,1
8677,0,0
32071,1,1
19234,1,1
17838,1,1
23498,0,0
37489,1,1
9354,0,0
1077,0,0
40175,1,1
4704,0,0
18718,1,1
47498,1,1
34705,0,0
29819,0,0
24797,0,0
32027,1,1
12687,0,0
32155,0,1
2608,0,0
3570,0,0
40678,1,1
3000,0,0
36554,0,0
47528,1,1
27319,0,0
27953,0,0
31388,0,0
38859,1,1
46773,1,0
8931,1,1
36984,0,0
216,1,1
46157,0,0
16927,1,1
38758,1,1
19688,0,0
33711,0,0
14019,1,1
36200,0,0
14000,1,1
8939,1,0
12350,0,0
34432,0,0
7915,0,0
35263,1,1
32578,0,1
37817,1,1
43681,0,0
41404,0,0
48683,0,0
33912,0,0
22935,0,0
6491,1,1
46519,0,1
2729,1,1
47339,1,1
4817,0,0
27888,1,1
6111,0,0
22707,1,1
5931,0,0
2417,0,0
19361,0,0
45294,0,0
23436,1,1
8230,0,0
35264,0,0
39372,0,0
44405,1,1
44841,1,1
30626,0,0
42290,1,1
26031,1,1
35189,1,1
43325,0,0
35099,0,0
44120,1,1
33958,0,0
45238,0,0
37874,1,1
49084,1,1
24481,1,1
34855,1,1
2829,1,1
25723,1,1
7478,0,0
25896,1,1
32948,1,0
19419,1,1
19546,0,1
13192,1,1
18104,1,1
38072,1,1
6650,0,0
44722,0,0
40971,0,0
11163,1,1
14894,0,0
47547,0,0
22303,0,0
42125,1,0
441,1,1
35126,1,1
6322,1,1
15603,1,1
17291,1,1
38403,1,1
29760,0,0
36529,1,1
47700,1,1
46516,0,0
25399,0,0
47898,0,0
195,0,0
41805,0,0
35220,1,1
42430,0,1
37581,1,1
37651,1,1
2705,1,0
13253,1,1
25486,0,0
21595,0,0
27972,0,0
9266,0,0
26763,0,0
39446,1,1
27104,0,0
49359,0,0
35765,1,1
17487,0,0
12695,1,1
12469,0,0
35521,1,1
39453,1,1
22089,0,1
14598,1,1
16413,1,1
4772,0,0
31857,1,0
17915,0,0
4246,1,1
47147,1,1
18726,0,0
36848,1,1
6266,0,0
15259,1,1
1470,1,1
20272,1,1
48329,1,0
45109,0,0
49301,1,1
6420,1,1
15480,0,0
28219,0,0
27652,0,0
11235,0,0
6682,0,1
29184,1,1
22823,1,1
19045,0,0
37758,0,0
22280,0,0
22134,0,0
42438,0,0
26168,0,0
20568,0,0
31573,1,1
30730,0,0
13039,0,0
4689,0,0
48772,1,1
29775,0,0
17969,0,0
13256,1,1
39185,1,1
21798,1,0
32340,0,1
26541,1,1
22860,0,0
36465,1,1
20686,1,1
48840,0,0
42366,1,1
1157,0,0
18810,0,0
19105,1,1
28360,0,0
30888,0,0
10444,1,1
44132,1,1
578,0,0
18063,0,0
42172,0,0
5488,0,0
45709,1,1
4128,0,0
19592,1,0
27996,1,1
47558,1,1
21111,0,0
40417,0,0
42888,1,1
15239,0,0
40889,0,0
39036,0,0
32203,0,1
7515,1,1
36514,1,1
47719,1,1
34950,0,0
14143,1,1
14520,1,1
10229,1,1
26750,1,1
17795,0,0
13538,0,0
6720,1,1
42493,1,1
12290,1,1
41556,0,0
44191,1,1
17537,1,1
4108,1,1
17965,1,1
39703,1,1
26163,0,0
2740,1,1
48005,1,1
31734,1,1
24850,1,1
47002,0,0
24633,1,1
6529,1,1
1812,0,0
4850,0,0
10835,0,1
27660,0,0
29365,0,0
36872,1,1
36983,1,1
44035,1,1
41930,1,1
4745,0,0
22704,0,0
35190,1,1
848,0,0
19529,1,1
7817,0,0
45417,0,0
10202,1,1
45847,0,0
33429,1,1
8726,0,0
4605,0,0
15738,0,0
5627,1,0
27557,0,0
44100,1,1
49408,0,1
44258,1,1
29584,1,1
48145,1,1
4672,0,0
39514,1,0
1687,0,0
15864,1,1
17831,0,0
15190,0,0
43004,1,1
9648,0,0
2982,0,1
22533,1,1
48671,1,1
42038,1,1
8530,0,0
27602,1,1
8178,1,1
13497,1,1
32665,0,0
27565,0,0
39407,0,0
2081,1,1
24993,1,1
19020,1,1
44061,0,0
29144,0,0
20480,1,1
41039,0,0
41351,0,0
28193,0,0
14424,1,1
42792,1,1
36012,1,1
20920,0,0
40270,0,0
37050,1,1
18476,0,0
24273,0,0
10098,0,0
36597,0,0
37133,1,1
24249,0,0
48385,1,1
19671,1,0
47952,1,1
14029,1,0
33484,0,0
15046,1,1
34767,0,0
523,0,1
4028,0,0
9928,0,0
27576,0,0
34593,1,1
28344,0,0
34362,1,1
25149,1,1
46362,0,1
4130,0,0
35723,1,1
35171,1,1
26561,1,0
31197,1,0
26554,1,1
22160,1,1
36093,1,1
6188,0,1
17922,1,1
30259,0,0
15664,1,1
44347,0,0
30466,0,0
46311,1,1
17079,0,0
20412,0,0
45612,0,0
18583,1,1
12968,0,0
43207,1,1
44142,1,1
31677,0,0
7753,1,1
12423,1,1
37527,1,1
20520,1,1
25834,1,1
30172,0,0
2135,1,1
40126,1,1
22652,0,0
23587,0,0
43345,0,0
20966,1,1
3068,0,1
10802,0,0
25075,0,0
8543,0,0
44983,0,0
24525,0,0
43848,1,1
25164,0,0
10583,0,0
23254,1,1
10347,1,1
8850,1,1
40268,0,0
18597,0,0
28662,1,1
15774,0,0
38722,1,1
926,0,0
21055,1,1
22786,0,1
3759,1,0
17638,1,0
30838,0,0
25048,1,0
11902,0,0
47591,0,0
41519,1,1
30372,1,1
33946,0,0
46060,0,0
6573,1,1
12932,0,0
18148,1,1
6976,0,0
2893,1,1
22599,1,1
32609,0,0
16666,0,1
19910,0,1
28480,0,0
23433,1,1
31428,0,0
42694,1,1
22256,0,0
13168,0,1
32803,1,1
33818,0,0
11808,0,0
12971,1,0
8844,1,1
39971,1,1
30247,1,1
45605,1,1
35813,1,1
20487,1,1
13040,1,1
13059,1,1
36687,0,0
48932,0,0
18182,1,1
46947,0,0
22594,0,0
22930,0,0
42546,0,0
36256,0,0
12248,0,0
30774,0,0
20296,1,1
9167,1,1
8582,1,1
25154,0,0
5459,1,1
42053,0,0
48829,0,0
7652,1,1
48395,0,0
2110,1,1
22997,0,1
18490,0,0
41747,0,0
4039,0,0
7340,1,1
16810,0,0
20283,1,1
10926,0,0
34671,0,0
47930,1,1
19621,0,0
46903,1,0
18627,0,0
34113,1,1
5297,0,0
429,1,1
16483,1,1
38962,1,1
18299,0,1
32677,1,1
41286,0,0
12081,0,0
22651,1,1
45840,0,0
32759,0,0
37733,0,0
7264,1,1
30721,1,1
47658,1,0
27063,1,1
8331,1,1
46270,0,0
6204,0,0
43635,0,0
49480,1,1
22815,1,0
2527,0,0
40610,0,0
1484,0,0
30478,1,1
17378,0,0
28620,1,1
3270,0,0
5576,1,1
3375,1,1
3610,1,1
6705,1,1
10577,0,0
34149,1,1
47786,1,1
30861,1,1
26652,1,1
4883,1,1
2247,0,0
21995,0,0
2464,0,1
21656,1,1
36505,0,0
17249,0,0
41810,0,0
28048,1,0
37142,0,0
41667,0,0
12377,1,1
28536,0,0
49299,1,1
38869,1,1
31700,1,1
6542,0,0
28507,1,1
5762,0,0
27143,0,0
7063,0,0
43049,1,1
37464,1,1
9672,1,1
45865,1,1
38132,0,0
22798,1,1
30422,0,0
28075,1,1
34827,0,0
47698,1,1
47922,0,0
7414,0,0
48539,1,1
45448,1,1
19274,0,0
20999,0,0
43367,1,1
21244,1,1
45480,1,1
19602,0,0
43584,0,0
26985,1,1
46437,1,1
640,0,0
46231,1,1
35998,1,1
8454,0,0
43789,0,0
2875,0,0
23309,0,1
44725,0,0
26133,1,1
7821,1,1
10263,0,1
26994,1,1
13321,0,1
35555,1,1
49210,1,1
4822,1,1
1508,1,1
26378,0,0
11904,0,0
47525,1,1
48895,0,1
42777,1,1
23815,1,1
33916,1,1
30006,0,1
4348,1,1
736,0,0
3607,0,0
37093,1,1
39510,1,1
16985,1,0
6079,0,0
16276,0,0
46303,1,1
47488,0,0
35088,0,0
2624,1,1
39738,1,1
46888,0,0
35926,0,0
17176,1,1
43124,0,1
28847,1,1
5645,1,1
23144,0,0
26174,1,1
43357,1,1
12689,0,0
8895,0,0
14174,1,1
5929,1,1
7027,1,0
22243,1,1
43210,0,0
16662,1,1
10393,0,0
2211,1,0
48357,0,0
36315,1,1
37878,0,0
47676,0,0
9401,1,1
16749,1,1
30875,0,1
24854,0,0
3288,1,1
42647,0,0
32365,0,0
47589,0,0
43772,1,1
12407,1,1
41923,0,0
11762,1,1
45520,0,1
37690,1,1
407,1,1
35130,0,0
15224,0,0
39471,0,0
21907,1,0
14922,0,0
6832,0,0
42817,1,1
2915,0,1
33385,1,1
25856,0,0
45808,0,0
13000,1,1
343,1,1
29133,1,1
21974,0,0
24019,0,0
15889,1,1
47102,0,0
30850,1,1
30317,1,1
33358,0,1
42807,0,0
28872,0,0
30182,0,0
25617,1,0
22395,1,1
31026,1,1
35376,1,1
47784,0,0
22040,0,0
34939,1,1
11901,0,0
1048,1,1
42381,0,0
43920,1,1
17115,1,1
4985,0,0
30715,1,1
21945,0,0
9976,1,1
33091,1,1
40079,0,0
38214,0,0
4982,0,0
24166,1,0
37082,0,0
33923,0,0
38126,0,0
41917,0,0
48936,0,0
31189,1,1
37332,0,0
40290,1,1
48137,0,0
37671,1,1
26005,1,1
15532,1,1
17020,0,0
46335,1,1
44736,0,1
40322,0,1
37149,1,1
18957,0,0
29273,1,1
15671,1,1
11427,0,0
16133,0,0
26682,1,0
1131,1,1
45527,0,0
26176,1,1
46202,0,0
17841,1,1
33118,1,1
25913,1,1
24445,1,1
41686,0,0
44849,0,0
7364,1,1
22734,1,1
13758,1,0
18294,0,0
26067,0,0
12313,0,0
38929,0,0
8812,0,0
44702,1,1
15506,0,0
22132,0,0
43078,1,1
40230,1,1
26304,0,0
33131,0,0
2742,1,1
3049,0,0
49,0,1
39627,1,1
49217,0,0
30665,1,1
8904,1,1
20392,1,1
17173,1,1
12364,0,0
29435,1,0
5843,0,0
23643,0,0
17588,0,0
43784,1,1
28547,1,1
39644,1,1
173,1,1
45188,1,1
40315,1,1
12609,0,0
13577,0,0
47423,0,0
41708,1,0
419,0,0
15785,0,0
17008,1,1
36816,0,0
34614,0,0
42567,0,0
38742,0,0
44190,1,1
5504,1,1
28627,1,1
29981,0,0
26717,1,1
23739,0,0
40924,1,1
26939,1,1
27906,1,0
3243,0,0
800,1,1
12790,0,0
47430,1,0
28696,0,0
12551,0,0
12627,0,0
44628,1,0
5874,0,0
36024,0,0
38532,1,1
12117,0,0
44356,0,0
32336,0,0
20787,1,1
8477,1,1
28471,0,0
22526,1,1
3663,1,1
9159,0,0
36372,1,1
6994,0,0
48008,0,0
3707,0,0
38853,1,1
28338,0,0
32756,0,0
71,0,1
4280,1,1
3555,1,1
17617,1,1
39595,1,1
40852,0,0
22926,1,1
33403,1,1
14068,0,0
36992,1,1
31671,0,0
16962,0,0
22091,1,1
4569,0,0
30016,0,0
25047,1,1
9536,0,0
26458,0,0
36005,1,1
20668,0,1
6381,0,0
4408,0,1
42419,0,0
27986,0,0
43660,1,1
38846,1,1
24184,0,0
49275,1,1
14673,0,0
39741,0,0
30267,1,1
38791,0,0
2799,1,1
38696,1,1
49370,0,1
6847,0,0
43737,0,0
18968,1,1
39603,1,1
44426,1,1
45580,0,0
37309,1,1
3788,0,0
25296,1,1
47128,0,0
9170,1,1
33450,0,0
47874,1,1
45459,0,0
21600,1,1
37966,1,0
1668,0,0
35467,1,1
35026,0,0
24688,1,1
7324,1,1
20160,0,0
43291,1,1
44765,0,0
30986,1,1
47428,0,0
23951,1,1
18869,0,0
17836,0,0
28681,1,1
29216,0,0
11744,1,1
28194,1,1
6348,0,1
24347,1,1
3486,1,1
32465,0,0
32116,0,1
26463,0,0
354,0,0
10992,0,0
12010,0,0
6224,0,0
45562,0,1
35412,1,1
14748,0,0
19032,0,0
36454,1,1
47888,1,1
6660,1,1
24185,0,1
22531,1,1
32455,0,0
4831,1,1
47884,1,1
38848,0,0
37885,0,0
2652,0,1
36467,1,1
48909,0,0
4816,1,1
6715,1,1
6923,0,0
13561,1,1
13606,0,0
36817,0,0
20937,1,1
29995,1,1
41229,1,1
48614,0,0
41851,1,1
23965,1,1
39733,0,0
31063,1,1
22570,0,1
35884,1,1
23942,1,1
4969,1,1
9192,1,1
10629,1,1
5847,0,0
20355,1,1
35915,1,1
28252,0,0
22271,0,1
37555,1,1
37325,0,0
29266,0,1
2000,0,0
20788,1,1
36448,0,0
23388,1,1
44852,0,0
5158,0,0
32582,0,0
9738,1,1
6890,0,0
27704,1,1
44160,1,0
15073,1,1
23841,1,1
9011,0,0
28964,0,0
42384,0,0
11734,0,0
18576,1,1
7538,0,0
27174,1,1
34851,1,1
26273,0,0
9433,1,1
22835,0,0
31927,0,0
12006,1,1
17024,0,0
31769,1,1
33198,1,1
36760,0,0
13352,1,1
35288,0,0
33221,0,0
13685,1,1
7144,1,1
31939,0,0
8474,1,1
27404,1,0
42594,1,0
19761,0,0
24792,0,0
47494,1,1
27589,0,0
25657,0,0
36716,0,0
12581,1,0
31572,1,1
14788,1,1
1487,1,1
44340,1,1
37922,1,0
11024,0,0
40169,0,0
4336,0,0
44214,1,0
24782,0,0
22154,1,1
9199,0,0
20048,1,1
24108,1,1
19136,1,1
9620,0,0
7126,0,0
4829,0,0
15711,1,1
22924,0,0
45560,1,1
1703,0,1
48588,0,0
7893,0,0
3994,0,0
25893,1,1
33059,1,1
10600,0,0
32236,0,0
22220,1,1
37411,1,1
930,1,1
22377,1,1
38081,0,0
23269,0,1
20153,0,1
42400,1,1
861,0,0
13552,1,1
46489,1,1
7743,1,1
1594,1,1
17708,1,1
17462,0,0
44568,1,1
23635,0,0
40816,0,1
8322,0,0
34265,1,1
26791,0,1
23630,0,0
15431,0,0
19676,1,1
10422,1,1
27238,1,1
44465,1,1
26126,0,0
26464,0,0
14121,1,1
48787,0,1
17193,1,1
17726,0,0
23870,1,1
42602,1,1
14182,0,0
43339,0,1
5946,1,0
38024,0,0
29200,1,0
25460,0,0
225,0,0
22213,0,0
23048,0,0
33112,0,1
32887,0,0
16497,0,0
22384,1,1
2761,0,0
8525,0,0
19223,1,1
45642,1,1
4538,1,1
12065,0,0
49491,0,0
38868,0,0
8908,1,1
20211,1,1
20222,1,1
40694,0,0
43399,0,0
5304,0,1
44343,0,0
47349,0,0
28977,1,1
43821,0,1
48735,1,1
44613,0,0
36764,1,1
42152,1,1
10829,0,0
16140,0,0
46014,0,0
15459,0,0
31223,1,1
19482,0,0
37738,1,1
17018,0,1
5264,1,1
45946,1,1
1246,1,1
27392,1,1
13203,1,1
9709,0,0
14969,1,1
46657,0,0
41881,1,1
23789,0,0
9506,0,0
28565,0,0
13488,1,1
3241,1,1
46572,0,0
29447,0,1
44920,0,0
1413,0,0
40657,1,1
30174,1,1
48916,1,1
11873,1,1
7789,0,0
5428,1,1
25808,1,1
28574,0,0
23955,1,1
33430,0,0
11347,1,1
24540,0,0
43373,1,0
1621,0,0
48168,1,1
5729,0,0
2404,0,0
30264,1,1
34603,1,1
25419,0,1
44358,1,1
37761,0,0
29053,1,1
44108,1,1
38702,1,1
4962,0,0
43574,1,1
42716,0,1
1784,0,0
25098,1,1
22896,1,1
41457,1,1
41252,1,1
18498,1,1
12617,0,0
36300,1,1
20178,1,1
22460,1,1
4988,0,0
28139,0,0
35244,1,1
43979,1,1
40303,1,1
27548,1,1
36694,1,1
19766,0,1
25886,0,0
24896,0,0
1851,1,1
44106,1,1
43671,1,1
17690,0,0
17311,0,0
8665,1,1
23968,1,1
33809,1,1
15311,0,0
4181,1,1
40112,1,1
19847,1,1
24606,0,0
3705,1,0
44714,0,0
6684,1,0
31691,1,1
30634,1,1
38597,0,0
29296,0,0
6429,1,1
24927,1,1
41569,0,0
31083,0,0
38062,1,1
41413,1,1
5751,0,0
4550,1,1
25133,1,0
14875,1,1
47416,0,0
17280,0,0
2746,1,1
26678,1,1
22035,0,0
7964,0,0
36238,1,1
9311,0,0
35678,1,1
40121,0,0
38601,0,0
512,0,0
30619,1,1
20779,0,0
24129,1,1
6424,1,1
32741,1,1
34337,1,0
1976,0,1
6433,1,0
42090,0,0
13744,0,0
35581,1,1
6788,0,0
4892,0,0
44735,0,0
47225,0,0
31373,0,0
657,1,1
18861,1,1
10609,1,1
34718,0,0
15982,1,1
28137,1,1
48103,1,1
23967,0,0
5733,1,1
35162,1,1
13120,0,0
19922,1,1
14335,0,0
42280,0,0
3899,1,1
33967,0,0
33460,0,0
8059,0,0
9093,0,0
7918,0,0
22897,1,1
30764,1,1
32042,0,0
42326,0,0
29868,1,1
33730,1,1
43885,1,1
7678,0,0
16781,1,1
35955,0,0
40518,0,0
40519,1,1
316,1,1
729,0,0
31393,1,1
34867,1,1
1841,1,1
2386,0,0
20986,0,0
7024,1,1
34132,0,0
38325,0,0
5836,0,0
8853,0,0
5186,1,0
8318,1,1
35287,0,1
18916,1,1
8777,1,1
44012,1,0
33704,1,1
14365,1,1
14631,1,1
28049,0,0
30221,1,1
3002,1,1
24517,1,1
34289,0,0
3953,1,0
28576,0,0
28692,0,0
30918,0,0
41280,0,1
27485,0,0
28005,0,0
33808,0,0
13278,0,0
49417,1,1
40069,1,1
22893,0,0
23352,0,0
1458,1,1
45987,0,0
45070,0,1
28463,0,0
4845,0,0
38410,1,1
49560,0,0
37601,0,0
18986,1,1
17150,1,1
15824,0,0
31257,0,0
26146,1,1
12958,0,0
35601,1,1
45810,0,0
13661,1,1
43396,0,0
29459,1,1
16050,0,0
31302,1,1
28962,0,0
41410,0,0
9830,1,0
14521,0,0
14957,1,1
35035,1,1
11313,0,1
32831,0,0
38217,0,0
43972,0,1
41623,0,1
15143,1,1
816,1,1
49018,0,1
6892,0,1
29215,1,1
34509,1,1
40825,0,0
23409,0,0
24169,0,0
8442,1,1
41527,1,1
43672,1,1
40374,1,1
27296,0,0
5223,1,1
7161,0,0
25079,1,1
17936,1,1
10151,0,1
28836,1,1
20850,1,1
28300,0,0
49185,1,1
46874,0,0
30506,0,1
3378,1,0
26151,0,1
13151,0,0
22000,1,1
30708,0,0
32736,1,1
27344,0,0
23444,0,1
13035,1,1
42609,1,1
15387,0,0
40250,1,1
48477,1,1
26326,1,1
27488,1,1
28189,0,0
21850,1,0
14314,0,1
43773,0,0
3028,1,1
15497,1,1
15798,1,1
46178,0,0
16889,0,0
5089,1,1
29867,1,1
32270,1,0
47539,1,1
19536,1,1
19461,1,1
16425,1,1
8053,0,0
27242,0,0
23376,0,0
23661,1,1
18119,1,1
23068,0,0
15726,1,1
6072,0,0
22341,0,0
24551,0,0
44652,0,0
41659,0,0
18272,1,1
25725,0,0
33228,0,1
19700,1,1
2296,1,1
3831,0,0
32932,0,0
9324,1,1
25866,1,1
24246,0,0
47506,1,1
3434,0,0
3077,0,0
1107,1,1
16372,1,1
10746,0,0
13005,0,0
38856,1,1
19573,0,0
2146,0,1
45836,0,0
15080,0,0
45353,1,1
46377,0,0
25884,1,1
33753,1,1
19496,0,0
40319,0,0
17641,1,1
12257,0,0
40086,1,1
12635,1,1
40496,1,1
48576,0,0
12235,0,0
31787,1,1
16657,1,1
14148,1,1
1675,1,1
18341,1,1
19433,0,0
19114,0,0
18082,1,1
4707,1,1
2585,0,0
44319,1,1
15825,0,0
31071,0,0
31731,1,1
26577,1,1
29132,0,0
11667,1,1
48271,1,1
14200,0,0
47671,0,1
32242,0,0
9264,0,0
5048,1,1
36325,0,0
12993,1,1
33466,0,0
47129,1,1
33821,0,1
20916,1,1
2820,1,1
11574,1,1
1034,0,0
233,1,1
38152,0,1
34987,1,1
7094,0,0
47825,1,0
21835,0,0
26859,0,1
18176,0,0
1319,0,0
30647,1,1
48835,0,0
11426,1,1
41289,1,1
33620,1,1
20349,0,0
33411,0,0
30674,1,1
756,0,0
5763,1,1
48545,1,1
42763,0,0
15188,1,1
38228,0,0
48729,0,0
16224,1,1
36352,0,0
12351,1,1
36280,0,0
45300,1,1
27662,1,1
49056,0,0
40003,1,1
12959,0,0
811,1,1
47100,1,1
45831,0,0
13153,0,0
23747,1,1
34055,0,0
22238,1,1
49193,1,1
18253,1,1
2630,1,1
29842,0,0
46310,1,1
17370,1,0
1618,0,1
10436,1,1
32627,1,1
12037,1,1
20404,1,1
45473,1,1
29353,0,0
14216,1,1
12969,1,1
7134,1,1
17066,1,1
44104,1,1
6576,0,0
4222,1,1
16164,1,1
15518,0,0
29025,0,0
25865,0,0
45425,1,1
38199,1,1
31101,0,1
28918,1,0
44977,1,1
42198,1,1
24436,1,1
17298,0,0
10490,0,0
29780,1,1
8675,0,0
15134,1,1
21266,1,1
5227,1,1
40999,0,0
20026,1,1
210,0,0
14540,0,0
26239,1,1
33259,1,1
31307,1,1
48167,0,1
41760,1,1
3022,0,0
4110,0,1
41955,0,0
10949,0,0
46548,0,0
32023,0,0
40781,0,0
20489,0,0
42924,0,0
30610,0,0
40663,1,1
9022,1,1
5977,0,0
31623,1,0
38247,1,1
35714,1,0
43032,0,0
19042,1,1
24830,0,0
42754,0,0
44782,1,1
25635,0,0
5687,1,1
28494,1,1
39337,1,1
43988,0,0
3031,1,1
19016,0,0
116,1,1
19140,0,0
18491,0,0
32301,1,0
48871,0,0
35971,1,1
27111,1,1
26566,1,0
42626,0,0
7680,0,0
46313,0,0
49177,0,0
31001,1,0
40043,0,0
42931,0,0
32789,1,1
25056,1,1
5266,1,1
27556,0,0
34000,1,0
16957,0,0
34676,0,0
41165,0,0
38116,0,0
38150,0,0
41333,0,0
14044,1,0
39356,1,1
16391,1,1
23336,1,1
32622,0,0
75,1,1
46745,0,0
13197,0,0
38589,1,1
1124,1,1
30606,0,0
18906,0,0
5990,1,1
43628,1,1
33432,1,1
49490,1,1
39574,0,1
15294,1,1
30368,1,1
6046,1,1
20089,1,1
25177,0,0
5987,0,0
29156,1,1
32691,0,0
30876,1,1
194,0,0
31833,1,1
27136,1,1
20015,1,1
2813,1,1
10430,1,1
6839,0,0
2664,1,1
25684,0,0
44110,0,0
2952,1,0
5369,0,0
13289,1,1
25015,1,1
38568,1,1
42388,1,1
7932,1,1
19058,1,1
14971,0,0
49131,0,0
49537,0,0
31724,1,0
47662,0,0
27046,0,0
45864,0,0
42578,1,1
10284,1,1
47661,0,1
7836,1,1
25846,1,1
35719,0,0
26530,0,0
28306,0,0
25768,1,1
1631,1,1
31768,1,1
31977,0,0
40856,1,1
34508,0,0
20383,0,0
839,1,1
9367,1,1
15884,0,0
44643,0,0
26435,0,0
37746,1,1
6366,1,1
30998,1,0
7560,1,1
43101,1,1
5936,0,0
45358,0,0
5367,0,1
29776,0,0
15851,1,1
33007,1,1
2517,1,1
22980,1,0
19486,1,1
23838,0,0
25250,0,1
5308,1,1
1846,1,1
18188,1,1
17717,1,1
14115,0,0
41231,0,0
27489,0,1
29392,0,0
45991,0,0
27616,0,0
12883,1,1
40408,0,0
3197,0,0
2865,0,1
33891,0,1
48155,0,0
19006,0,0
32456,0,0
1736,1,1
18145,1,1
17295,1,0
31800,0,0
41355,0,0
19182,1,1
28772,1,1
46128,0,0
13614,1,1
38022,1,1
46164,0,0
27539,1,1
1930,1,1
46759,0,0
1126,1,1
48613,0,0
40135,1,1
48299,0,0
13004,0,0
14606,1,0
28537,0,0
9744,1,1
47315,0,0
21445,1,1
42911,1,1
2888,1,1
34648,0,0
37179,0,1
14146,0,0
28284,0,0
8596,0,0
17363,0,0
9571,0,0
45076,1,1
39047,0,1
8393,1,1
22716,1,1
14398,1,1
18481,0,0
39392,0,0
21363,0,0
34465,0,0
39769,1,1
6128,1,1
39959,0,0
16048,0,0
44688,1,1
18925,1,1
13914,0,0
22358,1,1
30312,0,0
47279,0,0
40137,0,0
49199,0,0
12566,0,0
46574,0,0
13471,0,0
16157,0,0
61,0,0
33299,1,1
22201,1,1
48862,1,1
21920,1,1
7682,0,0
45040,0,0
1808,0,0
10989,0,0
28905,0,1
17419,1,1
11026,0,1
29333,0,0
12564,0,1
27439,0,1
48475,1,1
32579,0,0
35894,0,0
21095,1,1
21720,1,1
3489,1,1
24446,1,1
10351,0,0
31432,1,1
43839,1,1
30310,1,1
42492,0,0
33859,0,0
35043,0,0
15157,1,1
9376,0,1
27089,0,0
20794,0,0
28845,0,0
23038,1,0
36715,0,0
46139,0,0
42608,0,0
1572,0,0
45322,0,0
16658,0,0
28566,0,1
39814,1,1
20395,0,0
32114,1,1
939,1,1
21082,1,1
34453,0,0
48893,0,0
36549,1,0
13032,1,1
47318,1,0
41643,1,0
22472,0,0
46319,0,0
3460,0,0
49517,1,1
46711,0,0
19737,1,1
40802,1,1
9420,1,1
33476,1,1
47536,1,1
14518,0,0
42360,1,1
10936,0,0
37928,0,0
31293,0,0
6778,1,1
3021,0,0
3220,0,0
17631,1,1
150,1,1
18239,1,1
35616,0,0
38656,1,1
17827,1,1
35246,1,1
4678,1,1
14128,1,1
39048,0,1
33738,1,0
34339,0,0
42469,1,1
12691,0,0
13126,0,0
6759,0,1
3929,1,1
36029,1,1
41426,0,0
3298,0,0
5625,1,0
43070,1,1
1489,1,1
27968,0,0
12481,1,1
5503,1,1
21385,0,0
38898,1,1
35817,1,1
39290,0,0
27069,1,1
41818,1,1
26968,0,1
48602,0,0
20465,1,0
21842,0,0
18307,1,1
36441,1,1
14700,0,0
18473,0,0
27590,0,0
15219,0,1
283,0,0
16966,1,1
5070,1,0
31314,0,0
25166,0,0
18453,0,0
49156,0,0
33544,1,1
45218,1,1
28685,1,1
40873,0,1
20663,1,1
7451,0,0
37456,0,1
34559,1,1
21954,1,1
37720,1,1
44557,1,1
45779,0,0
4036,0,0
48915,0,0
42812,1,1
4609,1,1
13360,0,0
12296,0,0
586,1,1
41749,0,0
40538,0,0
3789,0,1
23186,0,1
1697,1,1
27141,0,0
33433,1,1
46287,1,0
48647,0,0
13328,0,0
28007,0,0
12936,0,0
29622,1,1
9861,0,1
45154,0,0
16895,0,0
33565,1,1
27998,0,0
8045,1,1
19357,0,0
13097,0,0
15236,1,1
37060,0,1
18999,1,1
20971,0,0
27908,1,1
37964,0,0
46124,0,0
36746,1,1
14704,1,1
10791,1,1
9317,0,0
40683,0,0
3504,1,1
37757,1,0
43761,0,0
9618,1,1
5329,1,1
11607,1,1
49073,0,1
12865,0,0
37190,1,1
8492,1,1
34442,0,0
15013,1,1
38453,1,1
6835,0,0
39642,0,0
35934,0,0
3189,0,0
23788,0,0
12981,0,0
28034,1,1
44387,1,1
5260,0,0
38182,0,1
41628,0,0
39068,1,1
43968,0,1
2265,1,0
25334,0,0
11028,1,1
29306,0,0
40905,1,1
31175,0,0
24677,1,1
26209,0,0
21666,0,0
48963,0,0
7844,1,1
20928,0,0
21261,0,0
26670,0,0
32667,0,0
7251,0,0
16754,0,0
47965,0,0
12007,0,0
35940,0,0
16729,0,0
47724,0,0
9105,0,0
17951,0,0
15959,1,1
15093,1,1
7786,0,1
35320,1,1
36319,1,1
7365,1,1
20214,0,0
15854,0,0
11583,1,1
8976,0,0
12724,0,0
30500,0,0
31842,1,1
21429,0,0
18849,0,0
24953,1,1
45138,1,1
29710,0,0
2582,1,0
34543,0,0
40000,1,1
32681,0,1
18694,0,1
23738,1,1
43136,1,1
14576,0,0
48564,0,1
25085,1,1
37053,1,1
8358,0,1
24654,0,0
49254,1,1
33468,1,1
15388,1,1
39376,1,1
18388,1,1
31775,1,1
9931,0,0
8394,0,0
36279,1,1
28374,1,1
12783,1,1
39494,0,0
36131,0,0
26892,0,0
17930,0,0
41385,0,0
15355,1,1
29313,1,1
11119,0,0
37088,0,0
7360,0,0
1534,0,0
10855,0,0
37270,0,0
46730,0,0
14948,1,1
32002,1,1
47167,0,1
13534,0,0
12619,0,0
7442,1,1
18998,0,0
5598,0,0
6850,0,0
47047,1,1
1139,1,1
42153,0,0
33417,1,1
45738,0,0
18914,1,1
44678,0,0
3618,1,1
31251,1,1
38381,0,1
5715,1,1
23357,0,0
962,1,1
28974,1,1
23381,1,1
23111,0,0
13367,1,1
1975,0,0
28589,0,0
26869,1,1
7468,0,0
31886,1,1
8224,1,1
42659,0,0
37299,1,1
47855,0,0
30538,1,1
32105,1,1
8042,1,1
7321,1,1
12053,1,1
5055,1,1
30365,0,0
28510,1,1
31804,0,0
25543,0,1
29983,0,0
8248,0,0
2762,0,0
47816,1,1
40808,0,0
26285,1,1
9441,1,1
17294,0,0
8807,1,1
48418,1,1
15028,1,0
18719,1,1
11487,0,0
48265,1,1
38645,0,0
17534,0,0
38627,0,0
44107,1,1
49061,0,0
31945,0,0
9685,0,1
47196,0,1
1417,0,0
47144,1,1
8617,0,0
9985,0,0
30053,0,0
28551,0,0
11096,0,0
48897,0,0
28958,1,1
25814,1,1
22396,1,1
44374,0,1
1486,1,1
32149,1,1
29576,1,1
2111,1,1
18250,1,0
42987,1,0
42637,1,1
12451,1,1
15318,0,0
3131,1,0
913,0,1
34198,1,1
10009,0,0
32518,1,1
31122,1,1
31934,0,0
43417,1,1
26403,1,1
38457,1,1
42914,0,0
46871,0,0
15944,1,1
18746,1,0
23629,0,0
4082,1,1
1331,0,0
48620,0,0
26084,0,0
37669,0,0
7096,1,1
13486,0,0
23257,1,1
9024,1,1
14710,0,0
46787,0,0
6029,0,0
45086,0,0
46373,0,0
9613,1,1
17736,1,1
43554,0,0
13294,0,0
41375,1,1
11070,0,0
23719,0,1
4199,1,1
38077,1,0
13182,0,0
18112,1,1
29957,1,1
31297,1,1
8385,1,1
12659,0,0
17155,1,1
9413,0,0
24921,1,1
14279,1,1
40776,1,1
36456,0,0
21018,0,0
20338,1,1
20904,0,0
19414,1,1
14577,0,0
14084,0,0
28497,0,0
36498,1,1
630,0,0
22096,1,1
2276,1,1
21212,1,1
17486,0,0
39805,1,1
16134,1,1
4272,0,0
6,1,0
2145,1,1
11807,0,0
43862,0,0
9523,0,1
1699,0,0
37646,1,1
8317,0,0
31849,1,0
43886,0,0
44709,1,1
48791,0,0
34385,1,1
43287,0,0
14750,1,1
15178,1,1
9331,1,0
6687,1,1
32469,0,0
11212,0,0
44581,1,1
3455,0,0
26216,1,1
2735,1,1
38426,0,0
16690,1,1
14513,1,1
3214,0,0
33889,0,0
41014,0,0
44518,1,1
17609,1,1
46799,0,0
16380,0,0
1721,1,0
20945,1,1
14449,0,0
7976,1,1
49129,0,0
14554,0,0
28168,1,1
29942,0,0
2094,0,1
14474,0,0
1864,0,0
7638,0,0
18739,0,0
10801,1,1
23622,0,0
31685,0,0
13687,1,0
11827,0,0
9877,1,1
22265,1,1
1402,1,1
536,0,0
21565,1,1
44315,1,1
33109,0,0
8270,0,0
46011,0,0
11756,1,1
1993,1,1
20580,0,0
11396,1,1
48016,1,1
10660,0,0
5377,0,0
2399,1,1
17278,1,1
34264,1,1
28712,1,1
6656,1,0
17222,1,1
6049,1,1
39315,0,0
22665,1,1
28332,0,0
2298,0,0
25229,1,1
23992,1,1
18673,0,1
4265,0,0
18111,1,1
33960,0,0
38464,1,0
4165,1,0
18337,0,0
7779,0,0
18494,0,0
1956,0,0
13748,1,1
49498,0,0
41952,1,1
1731,0,0
12103,1,1
22038,0,0
45888,0,0
15035,1,1
34976,0,0
16742,0,0
34991,1,1
37209,1,1
26826,0,0
12800,1,1
19316,0,0
8875,1,1
25686,0,0
35883,1,1
6367,0,0
33817,1,1
6821,1,1
15262,0,0
17928,0,0
7592,0,0
41992,1,1
40690,0,0
44968,0,0
31718,0,0
33594,1,1
8225,1,1
35193,1,1
39827,0,0
1166,1,1
49412,1,1
31167,1,0
37028,1,1
12792,0,0
34997,1,1
30359,0,0
15189,0,0
35669,0,0
16981,1,1
22548,0,0
30769,0,0
35620,1,1
47618,0,0
2269,1,1
43895,0,0
28046,0,0
2445,0,0
26989,0,1
24139,0,0
8180,1,1
30703,0,0
33863,0,0
43432,1,1
40269,0,0
11521,0,0
5407,1,1
2348,1,1
25899,1,1
5908,1,1
23773,0,0
43343,1,1
9656,0,0
31803,1,1
31723,0,0
23468,0,0
31662,1,1
38798,1,1
8663,1,1
30732,1,1
32346,1,1
29884,0,0
34833,1,0
13310,0,0
7401,0,0
34659,1,1
42882,0,0
1788,0,0
39697,1,1
892,1,1
40045,1,0
15999,1,1
6308,1,1
35344,0,0
18117,1,1
35826,1,1
430,0,0
33869,1,1
11076,1,1
26700,0,0
37568,0,1
29054,0,0
26755,0,0
38168,1,1
1616,1,1
2864,0,0
252,0,0
10587,1,1
27336,1,1
676,1,1
6653,1,1
20364,1,1
41301,1,0
12593,0,0
28932,0,0
1670,1,1
22777,1,1
13826,1,1
10276,0,0
2644,0,0
33018,0,0
36771,0,0
45606,0,0
13373,1,1
20589,0,1
34411,0,0
48910,0,0
45555,0,0
6848,1,1
28043,0,0
33644,0,1
20503,0,0
19985,0,0
8479,1,1
47632,0,0
33474,1,1
35658,1,1
15292,1,1
31453,0,0
47792,0,0
22070,0,0
29229,1,1
9911,1,1
35047,1,1
25234,0,0
47308,1,1
43676,0,0
35348,0,0
28438,0,1
26864,0,0
13800,1,1
9303,0,0
1053,1,1
6108,0,0
866,1,1
1974,1,1
45456,1,1
4071,1,1
47842,0,0
19557,0,0
29337,1,0
21718,0,0
15724,0,0
38534,0,0
43869,0,0
22968,0,0
45666,1,1
5734,1,1
13602,1,1
42927,0,0
46490,0,1
24477,1,1
36501,1,1
23030,1,1
46855,1,1
34286,0,0
22033,1,1
10595,1,1
42693,1,0
46798,0,0
46382,1,1
26210,0,0
20987,0,0
32943,0,0
16377,0,1
40930,1,1
7544,0,0
31354,0,0
44509,1,1
31811,1,1
26977,0,1
686,1,1
39949,0,0
16614,0,0
37608,1,1
36658,0,0
46713,1,1
15970,0,0
33587,0,0
18804,0,0
24238,1,1
624,1,1
29067,0,0
27686,0,0
9625,0,0
24353,0,0
8690,1,1
42024,1,1
6347,1,0
928,1,1
47270,1,0
3673,0,0
11638,0,0
36803,1,1
34398,0,0
18166,1,1
5537,1,1
20949,1,1
13377,0,0
499,1,1
30864,1,1
6467,0,0
30432,1,1
16711,0,0
29386,0,0
5954,0,0
15601,1,1
45896,1,0
1673,0,0
26222,1,1
48431,0,0
39456,0,0
38749,0,0
44746,0,0
44963,1,1
22048,0,1
19165,1,1
7298,1,1
33645,1,1
14283,0,0
42775,0,0
13242,1,1
30939,1,1
42494,1,1
7143,1,1
13282,1,1
6735,1,1
10656,0,0
16386,0,0
15384,0,0
27305,0,0
25528,0,0
20979,0,0
32024,0,0
8880,0,0
38610,0,0
24303,0,0
26381,1,1
23085,0,0
20865,1,0
30417,1,1
38963,1,1
24448,0,0
30369,0,0
11098,1,1
25944,0,0
19966,1,1
19304,0,0
2467,0,0
29034,0,0
261,0,0
11061,0,0
6234,0,0
30269,0,0
47736,0,0
19060,1,0
15257,0,0
33605,1,1
42669,1,1
45009,0,0
44288,1,1
41417,1,1
14883,0,0
9951,0,1
24851,1,1
8409,1,1
47449,0,0
26895,1,1
27947,0,1
19253,1,1
41371,1,1
24693,1,1
39623,1,1
49356,0,0
46039,1,1
45263,1,1
44113,1,1
7772,1,0
5854,1,1
36582,1,1
12425,0,0
36858,1,1
31636,0,0
10783,1,1
44032,0,0
41966,0,0
13651,0,0
31342,1,1
38057,1,1
29188,0,0
23680,0,0
15789,1,1
1033,0,0
593,1,1
33588,1,1
38972,1,1
25276,0,0
46268,0,0
16000,0,0
11153,1,1
6329,0,0
37854,0,0
45967,1,1
15949,1,1
16541,1,1
8375,1,1
24560,1,1
13721,1,1
16250,1,1
8909,0,0
32714,0,0
2916,1,1
5604,0,0
12292,1,1
1291,1,1
24664,0,0
4766,0,0
32302,0,0
38715,0,0
873,1,1
33812,1,1
28550,0,0
4537,0,0
6478,0,0
1819,1,1
41241,0,0
38701,0,0
29977,1,1
48498,1,1
2022,1,1
48692,1,1
7800,0,0
47706,1,1
28534,1,1
30929,1,1
23201,1,0
44407,1,1
28629,1,1
35726,0,0
22774,1,1
49280,1,1
46089,0,0
1928,1,1
21787,0,0
6802,1,1
45902,1,1
44205,0,0
45516,1,1
30947,1,1
27615,1,1
14504,1,1
19341,1,1
15443,0,0
46899,0,0
17971,0,0
45193,1,1
21867,1,1
1661,0,1
29509,0,0
30938,1,1
3734,1,0
35066,0,0
36255,0,0
21127,1,1
2549,1,1
35125,0,0
36105,0,0
4104,1,1
5068,0,1
14300,0,1
26419,1,1
38711,1,1
15868,1,0
9084,0,0
27943,0,0
44126,1,1
24775,0,0
28815,0,1
4981,0,0
25203,1,1
17723,1,1
47568,0,0
42894,1,1
16112,0,0
15232,1,1
12892,1,1
7822,1,1
37647,0,0
13905,1,1
31581,0,0
7540,0,0
40027,1,1
4785,1,1
9284,1,1
15697,1,1
18054,0,0
12512,0,0
7635,1,1
11812,1,1
43570,1,1
27771,1,1
11178,0,0
6178,1,1
584,1,1
21840,1,1
5326,0,0
12083,0,0
39537,1,1
17926,0,0
18821,1,1
43808,1,1
37977,1,1
20483,0,0
23271,0,0
423,1,1
35608,1,1
11497,0,1
13556,0,0
9736,1,1
17160,1,0
41825,0,0
35178,0,0
5747,0,1
4741,1,1
21519,1,1
47405,0,0
32041,1,1
20816,0,0
250,0,0
43918,1,1
26879,0,0
45535,1,1
31794,0,0
18572,0,0
14564,1,1
38,1,1
29846,0,0
2692,0,0
40920,0,0
23029,0,0
2255,0,0
21856,0,0
39113,1,0
34853,1,1
36040,1,1
22267,0,0
41344,0,0
33348,0,0
20003,0,0
32678,1,1
6567,1,1
43184,1,1
26827,1,1
15041,1,1
19349,1,1
16002,1,0
35232,0,0
505,1,1
39426,0,0
11592,1,1
23073,0,0
1100,1,1
31252,1,0
25673,0,0
43760,0,0
34969,0,0
45345,0,0
29897,1,1
20444,1,1
29771,0,0
19302,0,0
31837,0,0
14668,0,0
22037,1,1
32289,0,0
5382,1,1
39566,0,0
35372,0,0
26384,0,0
38120,0,0
6974,0,0
9312,1,1
9100,1,1
17802,0,0
12915,0,0
31214,1,0
47934,1,1
5925,1,1
30854,1,1
24614,0,0
14409,0,0
1430,0,0
26647,0,0
11015,0,0
17979,1,1
27817,0,0
34852,1,1
30711,0,0
26524,1,1
621,1,1
24601,1,1
43929,1,1
32989,1,1
49205,0,0
27138,0,0
12895,1,1
48558,0,0
29050,0,0
13791,0,1
39647,0,0
16649,0,0
12400,1,1
38541,1,1
10474,0,1
748,0,0
29070,0,1
217,0,0
33325,1,0
44330,1,1
44931,1,1
36140,1,1
46212,1,1
38831,1,1
8145,0,0
34212,0,1
27217,1,1
26395,1,1
38128,1,1
39689,0,0
49347,1,1
34789,0,0
17362,0,0
47577,1,1
18603,0,0
48129,0,1
32908,0,0
33494,1,1
8451,0,0
49500,0,0
7055,1,1
2943,1,1
23691,1,1
2616,0,0
25029,1,1
29671,1,1
14061,0,0
26934,0,0
35527,1,1
25024,1,1
40066,0,0
10317,0,0
5923,1,1
1859,0,0
47452,1,1
26861,1,1
30084,0,0
38496,0,0
27055,1,1
31651,0,1
41411,0,0
12710,0,0
37155,1,0
35949,1,1
15267,1,1
5697,1,1
48627,1,1
40491,0,0
38557,1,1
35553,1,1
45287,1,1
4152,1,1
24889,1,1
33330,1,0
15469,0,0
30046,0,0
37206,1,1
2603,0,0
44025,0,0
34802,1,1
7568,0,0
26357,0,0
39745,1,1
43632,1,1
33104,1,1
42032,1,1
45611,1,1
28486,1,1
29920,0,0
47180,0,0
22018,1,1
39470,1,1
1850,0,0
17851,1,0
35770,0,0
44067,0,0
14773,1,1
32823,1,1
48013,0,0
15269,0,0
44338,0,0
25949,1,1
39549,1,1
45471,1,1
33906,1,1
29095,1,0
12422,1,1
22858,0,0
49504,0,0
30556,0,0
17688,1,1
10476,1,1
32397,1,1
28450,0,0
14608,1,1
13325,0,0
45041,1,1
42629,0,0
48634,0,0
10927,0,0
40489,0,0
25036,0,0
17411,1,1
20231,1,1
11466,1,1
37862,1,1
31031,1,1
15297,0,0
40347,1,1
24296,0,0
19031,1,1
25618,1,1
16089,1,1
43521,0,0
41897,1,0
30719,1,1
36271,1,1
35301,1,1
43149,0,0
36117,1,1
37866,1,0
32364,1,1
33098,1,1
49194,1,1
35122,0,1
17746,1,1
36156,0,0
25796,1,1
6196,1,1
38760,1,1
8200,0,0
32794,1,1
23072,0,0
28866,0,0
25272,0,0
38306,1,0
19358,1,1
16701,0,0
40263,0,0
1227,0,0
39166,0,0
25804,1,1
36633,1,1
48150,0,0
31905,0,0
35384,0,0
11594,0,0
5080,1,1
1183,1,1
9763,0,1
279,1,1
27618,0,0
17309,0,0
37827,1,1
31649,1,1
34611,0,0
10758,1,0
22866,0,1
15962,1,1
28077,0,0
21693,1,1
45384,0,0
43015,1,1
16152,1,0
34973,1,1
44192,0,0
42988,0,0
44598,1,1
45845,0,0
3693,0,0
45366,1,1
1400,1,1
16752,1,1
33183,0,0
3916,0,0
36076,0,0
12759,0,0
39329,1,1
16617,1,1
41438,0,0
2730,1,1
10045,0,0
20366,1,1
5411,1,1
3640,1,1
36797,0,0
39804,1,1
10460,0,1
6985,0,0
4277,1,1
30191,1,1
28655,0,0
17136,0,0
30767,0,1
6311,0,0
32979,1,1
22603,0,0
32509,0,0
32279,0,0
24534,1,1
45269,0,0
18917,0,1
2181,1,1
17900,0,0
15200,1,1
13062,1,0
23261,1,1
7220,1,1
46900,1,1
31132,1,1
24905,0,0
32436,1,1
1165,1,1
39503,1,1
7625,1,1
4157,0,0
18424,1,1
31571,1,1
27708,0,0
16135,1,1
18362,0,0
1952,1,1
10153,0,0
43114,0,0
43548,1,1
35206,1,1
24774,1,1
45790,1,0
33147,1,1
34733,1,1
6390,0,0
20154,0,1
22667,0,0
29528,0,0
45055,1,1
48515,1,1
10259,0,0
39107,0,0
36795,1,1
15742,0,0
18002,1,1
12223,1,1
41693,1,1
28249,1,1
26891,0,0
19600,1,1
28012,1,1
13996,0,0
28188,1,1
31763,0,0
29439,1,1
39160,1,1
23676,1,1
39314,1,1
20194,1,1
32426,1,0
41084,1,0
3105,1,1
7949,1,0
30456,0,0
39278,0,0
15811,0,0
33936,1,1
48645,1,1
9267,1,1
37269,0,0
2331,1,1
16476,1,1
19413,1,1
46051,1,1
579,1,1
22882,1,1
13290,1,1
14159,1,1
46236,0,0
30618,0,0
37127,1,1
23105,1,1
35979,0,0
19904,1,1
35981,0,0
22059,0,0
40878,0,0
28423,0,0
5994,0,0
38298,0,0
20433,0,1
12830,1,1
1317,1,1
42155,1,1
43864,1,1
16358,0,0
40008,1,1
20500,0,0
48961,0,0
29741,1,0
9634,1,1
18524,0,0
18455,1,1
40174,0,0
44861,0,0
9447,0,0
38642,0,0
46499,1,1
28476,0,0
22069,1,0
26156,0,0
4180,0,0
31333,1,1
42776,0,0
10445,0,0
46023,0,1
18363,1,1
16563,0,0
14966,1,1
3115,1,1
12547,1,1
15943,0,0
16887,1,1
4422,0,0
27031,0,0
28504,0,0
43282,0,0
48962,1,1
9957,0,0
43459,0,1
43242,0,0
37216,0,0
31930,1,1
2150,0,0
48056,1,1
40488,0,0
28837,1,0
21579,0,0
24396,0,0
21496,1,0
43028,0,0
3843,0,0
45848,0,0
8781,1,1
1271,1,1
26011,1,1
46118,1,1
45012,1,1
2069,1,1
16166,0,1
6965,0,0
43645,1,1
5875,1,1
38028,1,1
41414,1,1
11541,0,0
14238,0,0
29035,0,1
34320,0,1
5115,1,1
9647,0,0
23239,1,1
16773,1,1
2731,0,0
8293,0,1
5541,0,0
25758,0,0
11900,1,1
42131,0,0
20665,1,1
35865,0,0
44467,0,0
37932,0,0
13997,0,0
47365,1,1
37725,1,1
41246,1,1
39176,1,1
1503,0,0
37084,0,0
21712,1,1
902,0,0
12136,0,0
8023,0,0
23317,1,1
19850,1,1
40477,1,1
9062,0,0
27091,0,0
647,1,1
19185,1,1
24132,1,1
41614,0,1
23577,1,0
22569,0,0
34322,1,1
44807,1,1
47730,1,1
33206,0,1
13398,0,0
25948,1,1
12074,0,0
44592,0,1
12477,0,0
15420,1,1
14475,0,0
29159,0,0
43165,0,0
2544,0,0
5855,1,1
11042,1,1
23094,0,0
26338,0,1
25720,0,0
46168,1,1
35011,0,0
6807,0,0
11281,1,1
14032,0,0
27665,1,0
14720,0,0
6415,1,1
14050,0,0
9225,1,1
10591,0,0
171,0,0
40577,0,0
6943,1,1
47134,1,1
21163,1,0
41737,1,1
7234,1,1
39158,0,0
19685,0,0
18553,1,1
44401,1,1
31409,0,0
32107,1,1
40368,1,0
9234,0,0
16178,0,0
41309,0,0
12431,0,0
25873,1,1
45401,1,1
31825,0,0
2680,0,0
23604,0,0
44711,0,0
47263,0,0
43923,1,1
43020,1,0
27774,0,0
40613,1,1
37972,1,1
317,1,1
31080,1,1
9790,1,0
22856,0,0
4896,1,1
4564,1,0
21410,1,1
14857,1,1
42361,0,0
12038,0,0
7003,0,1
5718,1,1
18010,1,1
32524,0,0
48374,1,1
44289,0,0
1912,1,0
16437,1,1
8440,1,1
21564,1,1
34661,1,1
26620,0,0
40232,0,0
5205,1,1
37673,0,0
10859,1,1
32396,1,1
15022,0,0
8919,0,0
44351,1,1
20755,1,1
46237,0,0
16780,1,1
29578,1,1
14759,1,1
20267,1,1
16695,1,1
36433,0,0
33227,1,1
26033,1,1
45688,1,1
20571,1,1
1681,1,1
13013,1,1
32473,1,1
2279,1,1
22879,0,1
14339,1,1
10504,1,1
40407,0,0
27545,0,0
36340,0,0
46150,0,0
27639,1,1
20021,0,0
41502,0,1
13993,1,1
29874,0,0
521,1,1
38657,0,0
16095,1,1
24407,0,0
20268,1,1
5657,1,1
26007,0,0
34260,1,1
17372,1,1
734,1,1
4241,1,1
27705,1,1
20815,1,1
25751,0,0
14579,1,1
15307,1,0
41265,1,1
27254,1,1
16355,1,1
25388,1,1
28808,0,0
37781,0,0
10608,0,0
45618,1,1
46566,0,1
10881,1,1
37009,0,0
49378,0,0
40,0,0
3029,1,0
21843,1,1
42587,1,1
37891,1,1
37404,1,1
36406,1,1
33117,0,0
25729,1,0
45304,1,1
41389,0,1
27004,1,1
48632,1,1
26012,1,0
33564,0,0
25129,0,0
9237,0,0
3946,0,0
15165,1,1
37110,1,1
35446,0,0
13657,0,0
23503,1,1
34811,1,1
22194,0,0
8057,0,0
19855,1,1
45234,1,1
6954,0,0
28938,0,0
1045,1,1
22575,0,0
44428,0,0
12429,1,1
6202,1,1
29551,0,0
21412,0,0
29211,0,0
18737,1,1
32025,1,1
41470,1,1
38788,0,0
37024,1,1
6184,1,1
5360,0,0
42930,0,0
23934,0,0
8247,1,1
4503,1,1
2362,0,0
14784,0,0
38036,0,1
30088,1,1
11605,1,1
12750,1,1
35721,0,0
33374,0,0
7781,1,1
32797,1,1
21967,1,1
16830,0,0
39775,1,1
21956,0,0
2817,1,1
14976,1,1
29726,0,1
1583,0,0
34915,0,0
41649,1,1
47692,1,1
19770,0,0
3619,0,0
3900,1,1
20912,1,1
23455,0,0
17313,0,0
30965,0,0
32390,1,1
30039,1,1
6927,1,1
7258,1,1
9694,1,1
70,0,1
2965,1,1
15280,1,1
45435,0,0
37634,0,0
7916,0,0
5139,1,1
40242,0,0
44908,1,1
5342,0,0
25577,1,1
13701,1,1
12187,1,0
31460,0,0
409,1,1
19334,1,1
31245,0,1
8557,1,1
1680,0,1
40763,1,1
26024,0,0
1490,0,0
30446,1,0
46601,1,1
24771,0,0
35094,0,0
15750,0,0
26125,1,1
16179,0,0
6432,1,1
21495,1,1
44531,0,0
37287,0,0
30785,1,1
38056,1,1
17190,0,0
32341,0,0
15699,0,0
23868,1,1
21617,1,1
14411,0,0
4518,1,1
4730,0,0
214,0,0
28070,0,0
38957,0,0
20352,0,0
48711,1,1
6166,0,0
45255,1,1
3594,0,0
17258,1,1
42276,1,1
23990,0,0
48123,0,0
18517,0,0
35571,0,0
47500,1,1
27697,0,0
19339,1,1
9146,0,1
9057,0,1
7406,1,1
28417,0,0
5199,1,1
48195,1,1
15000,0,0
3933,1,1
6978,1,1
16332,1,1
20685,0,0
41013,1,1
6267,1,1
24482,1,1
5003,0,0
35146,1,1
11546,0,0
18896,0,1
47975,1,1
28755,0,0
39762,0,0
48820,1,1
35671,0,0
31986,0,0
23256,1,1
24562,1,1
15769,1,1
7616,1,1
33797,1,1
18586,1,1
32619,0,0
29278,1,0
5517,1,1
17725,1,1
36822,1,1
31751,0,0
4207,0,0
28780,0,0
36707,0,0
33454,1,1
36347,0,0
4419,0,0
32801,1,1
1829,1,1
39096,0,1
32538,1,1
4630,1,1
33721,0,0
10810,1,1
29916,0,0
22818,0,0
3818,0,1
48437,1,0
35804,0,0
48977,1,1
28996,0,0
20562,1,1
41221,1,1
40444,0,0
18960,0,0
25764,0,0
9246,0,0
21401,0,0
15821,0,0
3462,1,0
7201,0,0
14956,0,1
21227,0,0
10171,0,0
5478,1,1
35522,1,1
12403,1,1
37950,0,0
42319,1,1
29724,1,1
8615,1,1
26821,1,1
47358,1,1
24223,1,1
7033,1,1
18876,1,1
22349,0,0
40840,0,0
15644,1,1
11921,1,1
28898,1,1
29835,1,1
31488,0,0
19591,1,1
13835,0,0
37570,1,1
18685,0,0
2907,0,0
29862,1,1
27954,0,0
3482,1,1
5677,0,1
34096,0,0
7474,1,1
37672,1,1
48557,1,1
34570,1,1
33917,0,0
32748,1,0
18591,1,1
28596,0,1
27210,1,1
8659,1,1
25214,0,0
9801,0,0
20868,1,1
38415,0,0
17471,0,0
29078,1,1
29151,1,1
2104,0,0
48694,1,1
15081,1,1
31970,0,1
2007,0,0
38302,0,0
1707,0,0
46811,0,0
37301,0,0
8037,1,1
28130,1,1
9767,1,1
23770,0,0
21590,0,0
3923,0,0
2344,0,0
9960,1,0
19025,0,0
40619,1,1
26280,1,1
21796,0,1
20499,0,0
40650,0,0
23063,1,1
17825,0,0
35653,1,1
16320,1,1
11948,1,1
7064,0,0
34933,0,0
31799,1,1
10003,0,0
16330,0,0
3861,0,0
25290,1,1
35290,1,1
32472,1,1
6699,0,0
4647,1,1
14595,1,1
23553,0,0
2457,0,1
18956,1,1
31659,0,0
3125,0,1
38162,0,0
29965,1,0
10996,0,0
38843,1,1
22709,0,0
22715,0,0
39427,0,0
2571,1,1
10904,1,1
2286,1,1
20841,0,0
30576,1,1
3609,1,1
4193,0,0
42420,0,1
26198,1,1
28167,0,0
49128,0,0
44312,1,1
19916,0,0
673,0,0
22456,0,0
41271,0,0
30002,0,0
30777,0,1
9314,0,0
29885,1,1
10163,1,1
45998,1,0
32106,0,1
48527,1,1
16125,0,1
41681,0,0
23628,1,1
40593,0,0
37681,0,0
29931,1,1
8899,0,0
12639,1,1
27466,1,1
36266,1,1
40467,0,0
34757,1,1
27418,0,0
11477,0,1
48003,0,0
40499,1,1
22224,1,1
44122,1,1
41079,1,0
2946,1,1
40181,1,1
36278,1,0
34239,1,1
37111,1,1
29611,0,0
46390,0,0
23460,0,0
40786,1,1
15572,0,0
22430,1,1
7,0,0
47383,0,0
4095,1,1
46740,0,0
12371,1,1
23300,1,1
12556,1,1
6969,0,0
25042,0,0
34444,0,1
24422,1,1
29929,1,1
25151,1,1
41645,0,0
24629,0,0
1962,1,1
45104,1,1
22478,0,1
9683,1,1
10869,1,1
7277,0,0
1483,1,1
40354,1,1
39565,0,0
45804,1,1
10268,1,1
32329,1,1
26344,0,0
18386,0,0
5100,1,1
33684,1,1
32702,0,0
47918,1,1
11682,0,1
21027,0,1
10463,0,0
655,0,0
3118,1,1
10823,1,0
13517,0,0
44161,1,1
3382,1,1
5457,1,0
36272,1,1
2908,1,1
1895,0,1
3488,0,1
17162,1,1
47594,0,1
6747,0,0
45052,1,1
18874,1,1
16106,1,1
17542,0,0
44966,0,0
14164,1,1
31630,0,0
33498,1,1
24990,1,1
43881,0,0
24115,1,1
49069,1,1
41656,0,0
45590,0,0
2755,0,0
13988,0,0
26603,1,1
46772,1,1
40932,1,1
182,0,1
17721,1,1
37119,1,0
1370,0,0
47363,0,0
27755,0,0
40305,0,0
33847,1,1
35849,1,1
20124,1,1
37935,0,0
5688,1,1
9040,1,1
15727,0,0
35961,1,1
128,1,1
20185,1,1
42226,1,1
12594,0,0
5354,0,0
38583,0,0
10453,0,0
21220,0,0
46640,1,1
29514,1,1
17595,1,1
28218,1,1
25384,0,0
40295,1,1
4304,1,1
110,0,0
46744,1,1
48817,1,1
27513,1,1
39515,1,1
2836,0,1
17680,1,1
1557,1,1
48750,0,0
30375,0,0
15444,0,0
34732,0,0
109,1,1
22781,1,1
42014,0,0
15177,1,1
27837,0,0
35342,1,1
843,0,0
21315,0,0
13098,1,1
15983,0,0
48715,0,0
29076,0,0
38585,0,0
11993,0,0
36416,1,1
43330,1,1
11210,1,1
39878,0,0
18863,0,0
35445,1,1
48214,1,1
39823,0,0
12814,0,0
32774,1,1
43661,0,0
36229,1,1
26996,0,0
47200,1,1
2495,0,1
18124,0,0
6428,0,0
9008,1,1
47986,0,0
48411,0,0
32098,1,1
41682,0,0
47979,0,0
31562,1,1
3836,1,1
9804,1,1
35876,1,1
1826,1,1
41442,0,0
41331,1,1
29588,1,0
3910,0,0
39530,0,0
18346,1,1
35976,1,1
35599,0,0
8445,0,0
30510,1,1
24026,1,0
2012,1,1
41032,0,0
7225,0,0
742,0,0
1671,1,1
33935,1,1
33976,0,0
36430,1,1
20853,1,1
14446,0,0
35760,0,0
7624,0,0
8962,1,1
41795,1,1
15465,0,0
17599,0,0
13674,1,1
43198,0,0
6407,1,1
24806,1,1
219,0,0
13876,0,0
16794,1,1
3702,1,1
6810,1,1
41807,1,1
34336,1,1
19442,1,1
45803,0,0
2289,0,1
48068,1,1
15211,0,0
27232,1,0
20512,1,1
5563,0,1
42204,1,1
31425,0,0
25313,1,1
2342,0,0
10820,1,1
7672,0,0
45980,0,0
49013,1,1
11438,0,0
1786,1,1
19979,1,1
34794,0,0
18650,0,0
13822,0,1
28485,0,0
13909,0,1
32221,0,0
14229,0,0
13069,0,0
37508,1,1
28616,0,0
21297,1,1
12358,1,1
6383,0,0
40723,0,0
33483,1,1
47623,0,0
20602,0,0
7184,0,0
40302,1,1
5881,1,1
32257,1,1
9986,1,1
3305,1,1
36709,0,0
28989,0,0
44383,0,0
7565,0,0
3064,1,1
17220,0,0
36899,1,1
37446,1,1
36970,0,0
6181,1,1
13154,0,0
46222,1,1
25632,1,0
26362,0,0
7780,1,1
38700,0,1
22877,1,1
8344,1,1
324,0,0
21255,0,0
31947,1,1
19545,1,1
25126,1,1
27401,0,0
38710,0,0
2541,1,1
19577,1,1
41225,1,0
44277,1,1
23981,1,1
8368,1,1
80,1,1
35217,1,1
1803,0,0
34749,1,1
24328,0,0
28427,0,0
1106,1,1
42212,0,0
10734,0,0
29462,1,1
22342,1,1
19633,0,0
20036,1,1
46726,0,0
38331,0,0
45694,1,1
30751,1,1
11645,0,0
18180,1,0
2992,0,1
5181,1,0
22496,0,0
323,1,1
32181,0,0
36802,0,0
7650,1,1
36477,0,0
26194,0,0
14749,1,1
19168,0,0
25284,0,0
36443,0,0
47514,1,1
31161,0,0
41685,0,0
15633,0,0
33992,0,0
41573,0,0
25815,1,1
26731,1,1
22274,1,0
9391,1,1
49274,0,0
16842,1,1
10915,1,1
39184,1,1
42583,0,0
23329,1,1
32000,0,0
36997,1,1
1684,0,0
44886,0,0
31855,1,1
16274,1,1
20385,1,0
13022,1,1
18881,0,0
950,1,1
4062,1,1
25799,1,1
3510,0,0
16264,1,1
8569,0,1
12589,1,1
31206,1,1
21753,1,1
2325,0,0
32650,1,1
31938,1,1
29821,0,0
28675,1,1
31642,1,1
36794,0,0
33056,1,1
1068,0,0
38377,1,0
40267,1,1
30301,0,0
6524,1,1
39403,0,0
29691,1,1
23034,1,1
23921,0,0
47684,0,1
30915,0,0
10880,1,1
32718,1,1
32435,0,0
43730,1,1
36691,1,1
22393,1,1
12082,0,0
25882,1,1
11475,1,1
20824,1,1
46392,0,0
23458,1,1
47946,1,1
13557,0,0
27699,1,1
37140,1,1
31138,0,0
3581,0,1
8718,1,1
40161,1,1
19882,0,0
10907,1,1
26351,0,0
39089,0,0
15940,0,0
44431,0,0
21981,0,0
7890,1,1
23463,1,1
13205,0,0
1635,1,1
13297,0,0
16822,1,1
37996,1,1
44208,1,1
9480,0,0
20631,0,0
22126,1,1
40946,1,1
13620,0,0
29036,1,1
45753,0,0
36894,0,0
25119,1,0
3798,0,0
18747,1,1
28573,0,1
29246,1,1
40190,1,1
46140,1,1
802,1,0
7785,0,0
18575,0,0
21397,1,1
16188,1,1
31806,1,1
34945,1,1
3905,0,0
46550,0,0
10172,0,0
12230,1,1
18372,0,0
11732,0,0
22982,1,0
9459,1,1
23204,1,1
772,1,1
10999,0,0
17786,1,1
48859,1,1
21499,1,1
20403,1,1
27865,0,1
22565,1,1
31697,0,0
41890,1,1
47886,0,0
36669,1,1
24301,1,1
5345,0,0
37767,1,0
5040,1,1
36896,1,1
23894,1,1
42476,1,1
31329,1,1
5959,1,0
29936,1,1
3461,0,0
26920,0,0
28181,0,0
8489,1,1
39242,1,1
20692,1,1
25468,1,1
34891,1,1
32128,1,1
36840,1,1
3799,1,0
36611,0,0
7402,1,1
38978,1,1
3431,1,1
16468,1,1
38713,1,1
7801,1,1
30642,1,1
25082,0,0
3944,0,0
14421,0,0
7305,1,1
9932,1,1
38340,0,0
29017,1,1
18527,1,1
13802,0,0
20367,1,1
33543,1,1
7563,0,0
32765,0,0
29280,1,1
26072,1,1
48304,0,0
10389,0,0
19371,1,1
43411,1,1
3231,1,0
20357,0,0
22802,0,0
18397,1,1
28891,0,0
17075,0,0
24761,0,0
9667,1,1
46752,0,0
43117,1,1
22172,1,1
200,0,0
29893,1,1
39626,0,0
23784,1,1
31181,1,1
19241,0,0
15521,1,1
15481,0,0
33309,1,1
21013,1,1
8194,1,1
2744,1,1
34127,1,1
48518,0,0
23364,1,1
28908,0,0
38581,0,0
38694,0,0
37984,0,0
5501,1,1
33306,0,0
22839,0,0
40377,1,1
34795,1,1
7237,1,1
3755,1,1
29788,1,1
14085,1,1
34978,0,1
39269,1,1
6631,0,0
13847,1,1
36772,0,0
40171,1,1
19603,0,1
47391,0,0
4296,1,1
22572,1,1
42382,1,1
42399,1,1
18894,1,1
4750,0,1
5253,1,1
20212,0,1
17987,1,1
39299,1,1
29307,1,1
21532,1,1
32891,1,1
1608,0,0
45918,0,0
20275,1,0
18221,1,1
48618,0,0
5294,0,0
45430,1,1
34860,1,1
31496,0,0
48300,1,1
4556,0,0
27739,1,1
17672,1,1
38254,1,1
34109,1,1
45750,1,1
34717,1,1
38309,1,1
39216,1,0
48353,0,0
41858,1,1
2305,0,0
857,0,0
46217,1,1
26434,0,0
37638,1,1
42960,1,0
33628,0,0
821,1,1
8883,0,0
40965,0,0
37509,0,0
21763,0,0
585,1,1
5533,1,0
36017,0,0
37470,0,0
36891,1,1
34452,1,1
1397,1,1
8877,1,1
1877,0,0
28611,1,1
29880,0,0
22346,1,1
7686,1,1
24626,0,0
19783,1,1
42610,1,0
43256,1,1
6425,1,1
2418,0,0
40450,1,1
10676,1,1
2678,0,0
8786,1,1
6605,1,1
22451,1,1
38226,0,1
33878,0,0
4347,0,0
32594,0,0
28257,0,0
967,1,1
16542,1,0
18435,0,1
33287,0,0
747,1,1
6161,0,0
29096,1,1
16900,0,0
26348,1,1
17113,0,0
28762,1,1
34554,1,1
21724,1,1
13501,0,0
24006,1,1
31864,1,1
32213,0,0
12586,0,0
8901,0,1
18954,1,0
26921,1,1
2601,0,0
37424,0,0
37331,1,1
16416,0,0
43633,1,0
31436,0,0
5270,1,1
4283,0,0
15291,0,0
41853,0,0
20740,0,0
46792,0,0
34889,1,1
3698,1,1
14443,1,0
31207,0,0
20273,1,1
6758,0,0
40327,1,1
4903,1,1
6693,1,1
41617,0,0
4475,0,0
23473,0,0
33707,1,1
36805,1,1
41953,1,1
29066,0,0
9856,1,1
6935,1,1
48053,0,0
32549,0,0
18683,1,1
43742,1,1
49377,1,1
23745,0,0
43300,1,1
38148,1,1
34944,1,1
19103,0,0
49125,1,1
37015,1,1
22382,1,1
482,0,0
42975,0,0
20218,1,1
3075,1,1
37254,0,1
41050,1,1
16307,1,1
40382,0,0
36544,0,0
38499,1,1
26518,0,0
35496,1,1
12395,0,1
12955,0,0
20736,1,1
45983,0,0
3563,0,0
20869,1,1
1480,1,1
18537,1,1
36136,1,1
3766,1,1
8869,0,0
48550,0,0
2029,0,0
34684,0,0
16156,0,0
16348,1,1
14303,1,1
44073,1,1
30324,1,1
7193,0,0
20940,1,1
21358,0,0
11444,1,1
28358,1,1
43696,0,0
33622,1,0
24822,1,0
22311,0,0
48410,0,0
46046,1,1
38065,0,0
47856,0,0
18285,0,0
46109,0,0
15537,0,0
42266,1,1
11550,1,1
28040,1,1
14580,1,1
2627,1,1
27096,1,1
30302,1,1
47717,0,0
36420,0,0
36214,1,1
2499,1,1
18598,0,0
5165,1,1
9086,0,0
16492,0,0
1253,1,1
724,1,1
3633,0,0
20216,0,1
19055,0,0
3855,0,0
11306,1,1
42970,0,0
45718,0,0
28336,1,1
33237,1,1
25375,1,1
40854,1,1
33033,0,0
27163,1,0
37235,1,1
45737,0,0
41956,1,1
19809,0,0
35324,1,0
25937,1,1
29136,1,1
39715,0,0
16732,0,0
40573,1,0
16345,0,0
20397,1,1
16826,1,1
44913,1,1
3661,0,0
15016,0,0
20870,1,1
43271,0,0
25900,1,1
47879,0,0
9349,0,0
48573,0,0
26818,0,0
42721,1,1
35632,0,0
48612,0,1
31200,1,1
33854,0,0
12805,0,0
9725,1,1
23302,1,1
7460,0,1
25155,0,0
16398,1,1
36173,0,0
9183,0,0
11029,0,0
45444,0,1
4237,0,0
26991,1,1
11660,0,0
3785,0,0
11832,1,0
15587,0,1
4828,0,0
44210,1,1
9693,1,1
16573,1,1
3356,1,1
25940,0,0
22613,0,0
44290,0,0
47696,1,1
3161,1,1
12903,1,1
40963,1,1
34750,0,0
2662,1,1
9430,1,1
6065,0,0
41763,0,0
5102,0,1
5548,0,0
40671,1,1
4995,0,0
28818,1,1
20613,0,0
8006,0,1
2789,1,1
37455,1,1
6232,1,1
34712,1,1
14757,1,1
22807,0,0
39551,1,1
46844,1,0
18868,1,1
3548,1,1
24799,1,1
6082,1,1
11797,1,1
2338,0,0
35874,1,1
27650,0,1
19030,0,1
15662,1,1
35253,1,1
35316,0,1
26354,1,1
22557,1,1
29967,0,0
19645,0,1
40033,1,1
14695,1,1
20302,0,0
49123,1,0
10254,1,1
25244,0,0
19174,1,1
34279,0,0
37645,0,0
15486,0,0
30082,1,1
5685,0,0
23879,1,1
3700,0,0
31117,0,0
19018,0,0
14441,0,0
9829,1,1
42213,1,1
35664,1,1
1164,1,1
3611,0,0
3452,1,1
30877,0,0
15079,1,0
41461,1,1
15813,0,0
8161,1,1
20817,0,0
32507,1,1
16808,0,0
47195,1,0
17804,1,1
14774,1,1
37478,1,0
4337,1,1
46463,1,1
6541,0,0
17714,0,1
2245,1,1
48496,1,1
44871,0,1
9289,1,1
10636,0,0
43658,1,1
48442,1,0
22822,0,0
32386,1,1
27098,1,1
41481,0,1
28951,0,0
25607,0,0
42875,1,1
47762,1,1
21492,1,1
39429,1,1
40740,1,1
36670,0,0
26697,0,0
40813,0,0
1032,0,0
27070,0,0
13307,0,0
20112,0,0
10798,1,1
34461,1,1
12725,1,1
44527,0,0
13683,0,0
42938,1,1
45082,0,0
32061,1,1
41831,0,0
11634,0,0
24705,1,1
2830,1,1
8517,1,1
47552,0,0
17897,1,1
4146,0,0
41428,0,0
6920,0,0
37857,0,0
2304,0,0
26560,0,0
7974,1,1
15217,1,1
1653,0,0
47406,1,1
17466,0,0
39225,0,0
26360,1,1
532,1,1
14277,0,0
16214,1,1
1243,0,0
16916,0,0
7679,1,1
23715,1,1
5031,0,0
22374,0,0
46367,1,1
9590,1,1
43912,1,1
19308,1,1
39826,1,1
10146,1,1
42321,1,1
42274,0,0
35027,1,1
25031,0,0
21197,1,1
8994,1,1
21738,1,1
23654,1,1
38387,0,0
40715,1,1
35800,0,0
22438,1,1
27721,1,1
39723,1,1
13819,0,0
39238,0,0
15214,0,0
32656,1,1
32700,0,1
25665,1,1
11872,0,0
30824,1,1
7385,1,1
7956,1,1
29271,0,0
13295,1,1
8206,0,0
3568,0,0
22510,1,1
25404,1,1
17132,0,0
46393,0,0
18686,1,1
43155,1,1
17687,1,1
10099,1,1
41456,0,0
7947,1,1
30660,1,1
46172,0,0
15910,1,1
20861,1,1
31459,1,1
48166,0,0
5225,1,1
1544,1,1
14505,1,1
35916,1,0
49567,0,1
18775,1,1
1395,1,1
24764,0,0
16227,1,1
12555,0,0
4644,0,0
26833,1,1
21090,1,1
24588,1,0
22034,1,1
45897,1,1
16914,1,1
20728,0,0
33215,1,1
30553,1,0
20576,1,1
25929,0,0
25770,1,1
30281,1,1
3507,1,0
20174,1,1
8755,0,0
28175,0,0
14657,1,1
19559,1,1
28944,0,1
16599,1,1
23725,0,0
46285,0,0
22782,0,0
15612,1,1
5323,1,1
4009,1,1
28254,1,1
26590,1,1
30724,0,0
13342,1,1
4543,1,1
49206,1,1
30379,1,1
5595,1,1
47999,0,0
23602,1,1
47680,1,1
28748,1,1
46556,0,0
10421,1,1
7449,1,1
19864,1,1
28366,1,1
39265,1,1
25387,1,1
40081,0,0
8350,1,1
13797,0,1
26787,0,0
33780,1,1
40439,1,1
14341,1,1
19820,0,0
28790,0,0
11309,0,0
47848,1,1
36149,0,0
6600,1,1
43699,0,0
7861,1,1
18826,1,1
44792,1,1
30487,1,1
6552,0,0
22532,0,0
49086,0,0
45575,0,0
10390,0,1
9293,0,1
2300,0,0
38719,0,0
7173,0,0
6708,0,1
42978,1,1
19429,0,0
14769,0,0
28055,1,1
4589,1,1
38686,1,1
31863,0,0
12287,1,1
44987,0,0
21416,0,0
22975,0,0
31764,0,1
9073,0,0
22596,1,1
25259,1,1
15302,0,0
15551,0,1
42186,0,0
14005,0,0
42126,0,0
2824,0,0
1647,1,1
6206,1,1
20475,1,1
13462,0,0
25320,1,1
48526,1,1
47824,1,1
11617,1,1
740,0,0
21752,1,1
46066,0,0
33350,0,0
49209,1,1
43033,1,1
9353,0,0
19959,0,0
34243,1,1
32951,0,0
34170,0,1
39053,0,0
25916,1,0
39509,1,1
5766,0,0
14886,1,1
22878,1,1
46763,0,0
43375,0,0
48441,0,0
8305,0,1
2848,0,0
14233,0,0
47487,0,1
31470,1,1
28912,1,1
42770,0,0
20798,1,1
36262,0,0
24266,0,0
28263,0,0
30107,0,0
22169,1,1
27179,1,1
13458,1,1
12831,1,1
45221,0,0
27802,0,0
24157,1,1
45014,1,1
14885,0,0
23835,0,0
11886,1,1
47475,1,1
1977,1,1
46331,1,1
5940,1,1
8658,0,0
36796,1,1
39793,0,0
8278,1,1
36565,1,1
22175,1,1
26185,1,1
17306,0,0
6592,0,0
42678,1,1
32348,0,0
23311,0,0
48648,0,0
34399,0,0
40095,0,0
23378,1,1
35213,0,0
38047,1,0
9020,1,1
19353,0,0
37980,0,0
1052,1,1
1984,0,0
20168,0,0
33928,1,1
32680,0,1
12894,0,0
9118,0,0
7738,1,1
34691,1,1
36570,0,0
25698,1,1
47146,0,0
15744,1,0
43342,1,1
3945,0,0
47961,1,1
940,0,0
40334,1,1
9679,1,1
21194,0,0
14384,1,1
37880,1,1
10079,1,1
30451,0,0
28744,0,0
23737,1,1
47919,1,1
43281,0,0
6675,0,0
20833,1,1
27249,1,0
15460,0,0
23262,0,0
21123,1,1
33727,1,0
7745,1,0
15433,0,0
41753,0,0
29206,1,1
45460,0,1
37712,1,1
7705,0,0
34245,1,1
14861,1,1
22901,0,0
35491,0,0
28910,0,0
36014,0,1
24268,0,0
3391,0,1
19495,1,1
23512,1,1
48892,1,1
9282,0,0
1521,0,0
3076,1,0
25539,0,0
29037,0,0
8739,1,1
4047,1,1
1554,1,1
10639,1,1
20632,0,0
4915,0,0
44953,0,0
48185,0,0
6312,1,1
44778,1,1
9621,1,1
19090,1,1
32037,0,0
10074,0,0
25204,1,1
25472,1,1
3416,1,1
42898,0,0
516,0,0
35336,0,0
26428,0,0
13745,0,0
9235,1,1
43867,1,1
32638,0,0
5991,0,0
24712,1,1
13459,0,0
47091,0,0
17227,1,1
32387,1,1
45122,1,1
8379,1,1
29013,1,1
49546,0,0
19804,0,0
41447,0,0
34321,0,0
98,0,0
23844,1,1
29046,1,1
10592,0,0
40035,1,1
12203,0,0
27229,0,0
46939,1,1
29484,1,1
2388,1,1
35319,0,0
8763,0,0
5426,0,0
34292,1,1
40558,1,1
8276,0,0
7911,0,0
32111,0,0
16530,0,0
34067,1,1
32008,1,1
41996,1,1
9920,1,1
3753,1,1
46568,1,1
30217,1,1
23449,0,0
9553,1,1
31398,0,0
33791,0,0
2020,0,0
45260,0,0
42917,0,0
19538,1,1
24339,1,0
9301,1,1
8504,0,0
11838,0,1
11846,0,0
41517,0,0
37416,0,0
11821,1,1
44668,1,1
5893,0,0
15747,0,0
28406,1,1
6350,0,0
2507,0,0
15074,0,0
13591,0,0
35551,0,0
4253,1,1
5742,0,0
34419,0,0
23008,0,1
10612,0,0
953,1,1
26683,1,1
45771,1,1
32973,1,1
21420,0,0
19408,0,0
48152,1,1
4012,0,0
35736,0,0
21964,1,1
21704,1,1
2658,1,0
21619,1,1
13206,1,1
10308,0,0
47588,1,1
21189,0,0
35546,1,1
30558,1,0
4361,1,0
2666,1,1
40057,0,0
29068,1,1
18729,1,1
47805,0,0
9242,1,1
15832,1,0
9006,1,1
10132,0,0
3893,1,0
21342,0,0
41376,0,0
24141,0,0
847,0,0
10506,0,0
31430,1,1
30765,0,0
19075,1,1
38087,1,1
12414,1,1
45074,1,1
28212,0,0
33150,0,1
42441,0,0
24909,1,1
6757,0,0
28376,0,0
11875,1,1
20342,0,0
13995,1,1
13124,0,0
30179,0,1
9270,1,1
20376,0,0
30401,1,1
21502,0,0
10530,1,1
45687,1,1
20427,1,1
8140,0,0
34330,1,0
37938,1,1
18862,0,1
17846,1,1
28738,0,0
18451,1,1
2290,1,1
40490,0,0
48673,1,1
22012,0,0
25422,1,1
8132,1,1
42681,0,1
33819,0,0
6981,0,0
21816,1,1
21010,0,0
23313,0,0
6119,0,0
24106,1,1
47352,0,0
41086,1,1
21327,0,0
35753,1,1
39389,1,1
14960,1,1
15142,0,0
14831,0,0
10089,1,1
49211,0,1
11960,1,0
1453,1,1
10075,1,0
11196,0,0
28320,0,1
26300,0,0
46083,0,0
22764,0,0
14558,1,1
6404,1,1
12848,0,0
9793,1,1
45982,1,1
40422,1,1
25418,1,1
4615,1,1
13713,1,1
10817,0,0
8538,1,1
19473,1,0
11947,0,0
11107,1,1
27779,0,0
26780,1,1
21799,1,1
2194,0,0
37704,0,0
22041,1,1
11069,1,1
30570,1,1
24308,0,1
11062,0,0
16305,0,0
47031,0,0
10279,0,1
6730,1,1
28002,1,1
34567,1,1
45862,0,0
13438,0,0
13883,0,0
5787,1,1
46884,0,0
45567,0,0
45823,1,1
3277,0,0
48220,0,0
29008,1,1
14427,0,0
31046,1,1
44561,0,0
35019,1,1
33360,1,1
16954,1,1
48006,0,0
13912,1,1
31535,1,1
30948,1,1
10210,1,1
40132,0,0
34497,0,0
304,1,1
10539,0,0
45524,0,0
40375,1,0
152,0,0
5862,1,1
32374,0,0
3445,1,1
29288,0,0
36895,1,1
43381,1,1
1418,0,0
4702,0,0
22862,1,1
43118,0,0
5561,0,0
35154,1,1
7374,1,1
48367,1,1
38096,1,1
11863,0,0
39038,1,1
49434,0,0
35299,1,1
12051,1,1
14463,0,0
35203,1,1
20065,1,0
18977,1,1
47973,1,1
7815,1,1
40755,1,1
42613,0,0
14935,0,0
15368,1,1
19891,0,0
10675,1,1
8256,1,1
41870,0,0
8694,0,1
6851,1,1
4726,0,1
3257,1,1
45402,0,0
25887,1,1
19961,0,0
43288,0,0
13174,1,0
24348,0,0
27406,1,1
4832,1,1
37049,0,0
6133,1,1
27000,1,1
4500,0,1
45297,0,0
2942,0,0
12200,1,1
33596,1,1
6872,0,0
7397,1,1
32109,1,1
43866,1,1
28431,1,1
23213,0,0
35833,1,1
45385,1,1
19826,1,1
40590,0,0
5020,0,0
24114,0,0
31972,1,1
9186,1,1
26816,0,0
38690,1,1
21060,0,1
45623,0,1
41793,1,1
40977,1,0
2901,1,1
5352,0,0
20235,1,1
3628,1,1
18846,0,0
25497,0,0
12773,0,1
36689,1,1
43266,1,1
31978,1,1
4201,1,1
11449,0,0
33311,1,1
43933,1,1
15618,1,1
9444,1,1
35368,1,1
19828,1,1
6535,1,1
44687,1,1
46204,1,0
29910,1,1
34487,0,0
2240,1,1
48191,1,1
15673,1,0
23796,1,1
47036,0,0
39484,0,0
39798,1,1
19068,0,1
38270,1,1
2237,0,0
37839,0,0
22541,1,1
6902,1,1
45317,0,1
19815,0,0
24280,1,1
38446,0,0
6274,0,0
46376,1,1
22587,0,0
4203,0,0
21051,0,0
19240,1,1
47066,0,0
39508,1,1
9549,0,0
11905,0,0
26235,1,1
15914,0,1
30349,0,0
34952,0,0
29193,1,1
36246,1,1
9451,0,0
40914,0,0
8960,1,1
25699,1,1
491,1,1
40556,1,1
45542,0,0
44397,1,1
16316,0,0
23542,1,1
27014,0,0
42218,1,1
36761,1,1
11715,1,1
49452,0,0
38887,0,0
44222,1,1
12338,0,1
35184,1,1
45045,0,0
16368,0,1
28965,0,0
12208,0,0
7718,1,1
25481,1,0
38362,1,1
18730,0,0
2718,0,0
37202,0,0
7557,1,1
5726,1,1
18955,0,0
11778,0,0
42220,0,0
7870,1,1
48775,1,1
31609,0,0
4364,0,0
20537,0,0
19375,1,1
44207,0,1
25021,1,1
15590,1,1
27815,1,1
25016,1,1
5170,1,1
45462,0,0
791,0,0
41704,1,1
11749,1,1
40938,1,0
15656,0,0
9519,1,1
28335,1,1
46085,1,1
31962,1,1
1285,0,0
23015,0,0
33127,0,0
14828,1,1
18905,0,0
32744,0,0
1043,0,0
47659,0,0
38733,1,1
16703,0,0
40286,0,0
26901,0,0
22871,1,0
44439,0,0
3169,1,1
19148,1,1
426,1,1
32062,0,1
40899,0,0
19293,0,0
39347,1,1
39945,1,0
45650,1,1
14714,0,0
1190,0,0
3229,1,1
14023,1,1
29733,1,1
25809,0,0
932,0,0
30571,0,0
5356,1,1
43978,1,1
39247,1,1
9632,0,0
25837,1,1
10339,0,0
22825,0,0
4530,0,1
2141,0,0
27310,0,0
24181,1,1
41151,1,1
28266,0,0
34528,0,1
29112,1,1
38108,1,1
31209,0,0
30887,1,1
25268,1,1
19679,1,1
31827,1,1
2558,0,0
13160,0,0
36782,1,1
25217,1,0
37604,0,0
47896,0,0
38825,1,1
17204,1,1
38812,0,0
6885,1,1
30744,0,0
46503,1,1
45604,1,1
957,1,1
45143,1,1
2760,1,1
48501,1,1
26457,1,1
6314,0,1
11680,1,1
46229,1,1
369,1,1
45423,0,0
45329,1,1
18159,0,0
24598,0,0
33918,1,1
45685,1,1
10192,0,0
8871,1,1
43277,0,1
36573,0,0
36206,0,0
35890,1,1
37121,1,1
13542,1,1
7886,1,1
16883,0,1
20564,0,0
31840,0,0
10733,1,1
28392,1,1
5661,1,1
3309,0,0
40264,0,0
3056,0,0
1905,1,1
39849,1,1
4156,0,0
943,1,1
12092,0,0
20626,0,1
21934,0,0
29137,0,0
2294,1,1
6803,0,0
29186,0,0
45239,1,1
43400,0,1
39117,0,0
14321,0,0
31717,1,1
11742,0,0
23036,0,0
289,1,1
41019,0,0
46700,0,0
37457,1,1
8822,1,0
24294,0,0
44805,1,1
22011,1,1
5116,0,0
26881,0,0
36814,1,1
30661,0,0
27298,0,1
20087,1,1
45006,1,1
21122,0,0
32512,1,1
23415,1,1
22188,0,0
31325,1,1
24135,1,1
25057,1,1
48223,1,1
10036,1,1
10491,0,0
46347,1,0
30534,0,0
43220,1,1
9273,0,0
26341,1,1
31915,1,1
21979,1,1
18144,1,1
6081,0,0
24358,1,1
1127,1,0
28017,1,1
29105,1,1
25631,0,0
9925,0,0
27578,0,1
32315,1,1
33530,0,1
47490,0,0
33013,0,1
4851,1,1
10827,0,0
4093,1,1
28303,0,1
15283,0,0
34613,0,0
6245,0,0
43038,1,1
13863,0,0
1464,0,0
11910,1,1
29830,0,0
33731,0,0
28186,1,1
12995,1,1
22476,0,0
41579,0,1
5286,1,1
11321,1,1
40834,0,0
27679,0,0
21257,1,1
38212,0,0
30994,1,1
42136,0,0
39836,0,0
36748,0,0
30081,0,0
48509,1,1
14403,1,1
37644,1,1
8879,0,0
22408,1,1
21406,1,1
35402,0,1
19497,1,1
46074,0,0
37362,0,0
34210,0,0
22561,0,0
14192,0,0
30577,1,1
19245,1,1
41193,1,1
8326,1,1
15501,1,1
34627,1,1
18338,0,0
31150,1,1
22589,1,1
11100,0,0
12736,0,0
21978,1,0
14169,0,0
2299,1,1
27237,0,0
47345,1,1
2186,1,1
11597,1,1
46966,1,1
16814,0,0
37328,0,0
12157,0,0
31091,1,1
17163,0,0
15517,1,1
12435,1,1
4660,1,1
6394,1,1
648,1,1
12347,1,1
46594,0,0
1392,0,0
6014,0,0
46470,0,0
12712,0,0
4548,0,0
17662,0,1
34702,0,0
6882,0,0
45727,0,0
35633,0,1
39913,1,1
42264,0,0
27568,1,1
6988,1,1
9123,1,1
6205,1,1
4402,0,0
25450,0,0
6233,1,1
6253,0,0
44111,0,0
2990,0,0
28571,0,0
19736,0,0
6739,1,1
31188,1,1
15516,0,0
33855,0,0
5262,1,1
16408,1,1
30128,0,0
33409,0,1
17237,0,0
11500,0,0
40378,0,0
30912,0,0
49405,0,0
17348,0,0
24110,1,0
19530,0,0
25630,0,0
16033,0,0
33705,1,1
23998,1,1
18142,1,1
34740,0,0
1442,0,0
44798,1,1
17620,1,1
14326,0,0
11436,1,1
27583,1,1
32870,0,0
22283,0,0
24543,1,1
9478,1,1
20767,0,0
28269,0,0
22809,0,0
27058,1,1
38925,1,1
43926,1,1
8761,0,0
17780,1,1
5438,0,0
17703,0,0
27036,0,0
7462,0,0
11547,0,0
26430,0,0
32255,1,1
911,1,1
2772,1,1
2351,0,1
19890,1,1
48965,0,1
18314,0,0
49506,0,0
48922,1,1
3942,0,0
21333,1,1
32962,1,0
11661,1,0
2595,1,1
37105,0,0
2442,0,0
1295,0,0
32545,0,0
2649,0,0
1807,0,0
24859,0,1
2861,1,1
49309,0,0
21588,0,0
8897,0,0
14125,1,1
31576,0,0
1748,1,1
18698,0,0
18659,1,1
18618,0,0
46095,0,0
27661,0,0
34859,0,0
4563,1,0
16875,0,0
4619,1,1
8153,1,1
7811,1,1
17135,0,0
2158,0,0
31407,0,0
48858,1,1
29839,0,0
31687,1,1
46059,1,1
17904,0,0
47470,0,0
34365,0,0
48567,1,1
18464,1,1
37600,1,1
7062,1,1
29838,0,0
8568,1,1
3269,1,1
27625,1,1
26158,1,1
8402,1,1
43042,1,1
27887,0,0
5861,1,1
36879,0,0
34496,0,0
7936,1,1
44927,0,1
10050,1,1
19035,0,0
46256,0,1
26178,1,1
26882,0,0
30178,0,1
10951,1,1
17593,1,1
21347,0,0
37000,0,0
19964,0,1
35591,1,1
5904,0,0
29770,1,1
24379,0,0
38167,0,0
38584,1,1
13871,1,1
48192,0,0
38938,1,1
8932,1,0
6463,1,1
37382,0,1
20959,0,0
16270,1,1
40392,0,1
16764,0,0
9908,0,0
23702,0,0
20701,1,1
38611,0,1
34407,0,0
17863,0,0
12678,0,0
44147,1,0
43824,0,0
48009,1,1
24602,0,1
35516,1,1
15033,1,1
24907,1,1
3126,0,0
19588,1,1
20237,1,1
32727,0,1
43913,0,0
43977,1,1
15597,1,1
22909,0,0
15679,1,1
15083,1,1
44975,0,0
38420,0,1
8842,0,0
44929,0,0
47215,1,1
4520,1,1
32119,0,1
9561,1,1
17811,0,0
27719,0,0
41465,0,0
1289,0,0
48572,1,1
35045,0,0
3935,1,1
31754,1,0
41983,1,0
20716,1,0
40853,0,1
1451,1,1
1501,0,0
11331,1,1
35225,1,1
31818,1,1
2635,1,1
25012,0,0
32444,0,0
27087,0,0
21080,1,1
13857,1,1
45286,0,0
22567,1,1
19242,0,1
38551,0,0
10533,1,1
12829,1,1
46931,1,1
41306,1,1
31009,0,0
16286,1,0
13867,0,0
36641,1,1
29247,1,1
9807,1,1
15614,0,0
10365,0,1
5175,1,1
3315,0,0
19972,1,1
8413,1,1
37691,0,0
34746,0,0
29027,0,0
2231,1,1
4466,0,1
21829,0,1
40897,0,0
45816,0,0
30036,1,1
35956,1,1
13356,1,1
20094,1,1
1884,0,1
457,1,1
45502,0,0
17707,0,0
588,0,0
13529,0,0
32338,0,0
22494,0,1
31093,1,1
6098,1,1
21279,0,0
1344,1,1
19454,0,0
46719,1,1
11713,0,0
43333,0,0
21265,0,0
6301,0,0
24013,0,0
24270,0,1
17457,1,1
26302,0,0
3289,0,0
40344,1,1
4401,0,0
28559,0,0
26753,1,1
35334,1,1
33806,0,0
46176,1,0
25483,1,0
15757,1,1
2826,1,1
46697,0,0
8374,1,1
18339,0,0
40226,1,1
30130,0,0
46821,1,1
48873,0,0
32354,0,0
14355,1,1
2993,0,0
42634,0,0
17515,1,1
2088,1,1
24997,1,1
33167,1,1
48067,1,1
34118,1,1
10388,0,0
30743,1,1
25999,1,1
20370,0,0
41770,1,1
9113,0,0
11401,1,1
25400,1,1
29601,0,0
15125,1,1
13862,0,0
49481,1,1
15109,0,0
36277,1,1
3547,0,0
11911,0,0
27186,1,1
38961,0,0
28777,0,1
34334,0,0
41562,0,0
30169,0,0
15363,0,0
33608,0,0
17781,1,1
11433,0,0
19625,1,1
35557,1,1
19746,1,1
35888,0,0
18707,1,1
12387,0,0
32798,0,0
36338,1,1
37923,1,1
13315,1,1
49223,1,1
24872,0,0
27465,0,0
41985,1,1
23370,0,0
7496,1,1
9501,0,0
11619,1,1
42320,1,1
1992,0,0
43850,1,1
9097,0,0
27368,0,0
20770,1,1
40006,1,1
10175,0,0
23900,1,1
5579,0,0
20510,1,1
8891,0,0
22618,0,0
8249,0,0
39058,1,1
31878,0,0
22295,0,0
1423,1,1
436,1,1
12680,0,0
45047,1,1
10822,0,0
47459,0,0
41187,1,1
13889,0,0
44000,0,1
7238,1,1
30656,0,0
13464,1,1
44513,0,1
24597,0,0
42802,0,0
34630,0,0
46618,1,1
2743,0,0
7247,1,1
37450,1,0
28714,0,0
16993,0,0
31990,0,0
30376,0,0
16495,1,1
22508,0,0
1565,0,0
29003,1,1
45607,0,0
38486,1,1
16463,0,1
12058,1,1
3772,0,0
5853,1,1
34278,0,0
42556,1,1
37903,1,1
27085,1,0
45532,0,0
7725,1,1
23638,1,1
31044,1,1
42599,1,1
18091,0,0
46110,1,1
47890,0,0
15030,1,1
22216,1,1
11915,0,0
13539,1,1
12483,1,1
22461,1,1
43441,0,0
9889,1,1
49499,1,1
5129,1,1
24494,1,0
31788,0,0
37731,1,0
36623,1,1
3242,1,1
25458,0,0
29174,1,1
49447,1,1
43528,0,0
5144,1,1
30793,0,0
38625,1,1
979,1,1
38774,1,1
35438,0,0
18400,1,1
46162,0,0
13506,1,1
6282,1,0
35992,0,0
24948,0,0
22167,0,0
48786,0,0
5672,0,0
15625,1,1
28713,1,1
12123,1,1
7586,1,1
20000,0,0
13473,1,1
27468,1,1
16723,1,1
43935,0,0
35202,0,0
13130,0,0
42269,1,1
12141,1,1
42855,1,1
42217,1,1
21599,1,1
3074,1,1
1078,1,1
10166,0,0
12923,1,1
45164,1,1
5665,1,1
2989,1,1
45161,1,1
45173,1,1
47000,0,0
2814,0,0
7516,1,1
29201,1,1
38382,0,1
961,1,1
47243,1,1
1791,0,0
41537,0,0
4393,1,1
24350,0,0
13608,1,1
40220,1,1
31798,0,0
5749,1,0
22639,1,1
19382,1,1
48133,0,0
40018,1,1
29985,1,1
18004,0,0
47949,0,0
4262,0,0
46356,1,1
1800,1,1
39988,1,1
17523,1,1
39800,1,1
25288,0,1
20082,0,0
27853,0,0
42885,1,1
9233,1,1
13041,0,0
18671,0,0
15838,1,1
9758,0,0
30738,1,1
48069,0,0
38514,1,0
6942,1,1
39569,1,0
29554,0,0
44650,1,1
47326,1,1
5325,1,1
29094,1,1
43147,0,0
39802,0,0
26391,1,1
15364,0,0
19785,1,1
33134,1,1
44615,1,1
5857,1,1
42603,1,1
31851,0,1
12994,1,1
15888,1,1
37377,1,1
31847,0,1
30390,0,0
32717,0,0
17856,1,1
23678,0,0
18587,1,1
21479,1,1
15010,1,0
24333,1,1
31773,1,1
38828,1,1
47629,0,0
23974,1,1
46842,0,0
7195,1,1
3579,0,0
28063,1,0
47366,1,1
15359,1,1
17047,0,1
4204,1,1
6957,1,0
9163,0,0
42408,1,0
16618,0,0
24037,1,1
26407,1,0
44464,0,1
1,1,1
11121,1,1
30370,1,1
7648,0,0
4217,0,0
18623,1,1
1185,1,0
45699,0,0
36798,1,1
22178,0,0
5386,0,0
21775,0,0
16707,0,0
28319,1,1
42687,1,1
10970,0,0
42437,0,0
3979,0,0
7090,1,1
45214,0,0
34604,0,0
45118,0,0
32523,0,0
29547,0,0
32288,1,1
16174,0,0
20207,1,1
27628,0,0
24126,1,0
35552,1,1
16063,1,1
26874,0,1
7104,1,1
12524,1,1
43238,1,0
4056,0,0
26948,0,0
47728,0,0
7191,1,0
41521,1,1
938,0,0
42063,1,1
34221,0,0
31112,1,1
1072,1,1
42979,1,1
23986,1,1
24454,0,0
16235,0,0
12001,0,0
33125,0,0
15561,1,1
25955,1,1
35729,1,1
44870,1,1
13431,1,1
46181,0,0
46320,1,1
18607,0,0
90,1,1
32776,1,1
40849,1,1
34065,1,1
42597,0,0
23646,0,0
35677,0,0
498,0,1
37931,1,1
10239,0,0
35366,0,0
20321,0,0
35159,0,0
29419,0,1
47782,0,1
25148,0,0
43748,1,1
5145,1,1
48256,0,0
39628,0,0
7487,1,1
33626,1,1
13391,0,0
18377,1,1
35809,1,1
38431,1,1
21102,0,0
6493,1,1
30525,0,0
20280,1,0
23962,1,1
30176,0,0
40845,0,0
33874,0,0
4645,1,1
29558,1,1
25200,0,0
30705,0,0
14803,1,1
5757,1,1
41076,1,1
18533,0,0
19543,0,0
6140,0,0
6912,0,0
23969,1,0
34498,0,0
36152,0,0
29933,0,0
31072,0,0
30165,0,0
7361,0,0
32618,1,1
1457,1,1
5201,0,0
45158,0,0
25889,1,1
43762,0,0
24768,0,0
31877,1,1
35408,1,1
1796,0,0
44646,1,1
16696,1,1
3018,1,1
19306,0,0
29911,1,1
34583,0,0
44375,0,0
28828,1,1
23059,1,1
18012,0,0
21339,1,1
6703,1,1
18245,0,0
44573,0,0
14563,0,0
2645,1,1
21428,1,1
34896,1,1
186,1,0
13034,0,0
8106,0,0
2166,0,0
6316,1,1
12151,0,0
32384,0,0
43883,0,0
48966,1,1
30914,0,1
28407,1,1
45245,1,1
15286,1,1
44666,1,1
4932,1,1
280,1,1
19130,0,0
19753,1,1
24757,1,1
39371,1,1
25748,0,0
35587,0,0
40442,1,1
26775,0,0
3723,1,1
36100,0,0
17896,1,1
30244,0,0
3281,0,0
47751,1,1
28587,0,0
26610,0,0
7732,1,1
31081,0,0
33178,0,0
9701,0,0
33995,1,0
32550,0,0
6319,0,1
18461,1,1
2845,0,1
27838,0,0
24728,1,1
21925,0,0
3578,1,1
37223,1,1
26786,0,1
16430,0,0
23222,1,1
33354,0,0
682,1,1
17496,0,0
4230,1,1
5935,0,0
35860,0,0
12498,1,1
24807,0,0
5001,1,1
2923,1,0
40055,1,1
43134,0,0
47266,1,1
2691,0,0
7827,0,0
4811,0,0
35248,0,0
3446,0,0
